TABELA,CIDADE,REGIÃO
RS - METROPOLITANA,PORTO ALEGRE,METROPOLITANA DE PORTO ALEGRE
RS - METROPOLITANA,CANOAS,METROPOLITANA DE PORTO ALEGRE
RS - METROPOLITANA,GUAÍBA,METROPOLITANA DE PORTO ALEGRE
RS - METROPOLITANA,ELDORADO,METROPOLITANA DE PORTO ALEGRE
RS - METROPOLITANA,SÃO LEOPOLDO,METROPOLITANA DE PORTO ALEGRE
RS - METROPOLITANA,PORTÃO,METROPOLITANA DE PORTO ALEGRE
RS - METROPOLITANA,SAPUCAIA DO SUL,METROPOLITANA DE PORTO ALEGRE
RS - METROPOLITANA,ESTEIO,METROPOLITANA DE PORTO ALEGRE
RS - METROPOLITANA,NOVO HAMBURGO,METROPOLITANA DE PORTO ALEGRE
RS - METROPOLITANA,ESTÂNCIA VELHA,METROPOLITANA DE PORTO ALEGRE
RS - METROPOLITANA,CAMPO BOM,METROPOLITANA DE PORTO ALEGRE
RS - METROPOLITANA,SAPIRANGA,METROPOLITANA DE PORTO ALEGRE
RS - METROPOLITANA,NOVA HARTZ,METROPOLITANA DE PORTO ALEGRE
RS - METROPOLITANA,IVOTI,METROPOLITANA DE PORTO ALEGRE
RS - METROPOLITANA,DOIS IRMÃOS,METROPOLITANA DE PORTO ALEGRE
RS - METROPOLITANA,GRAVATAÍ,METROPOLITANA DE PORTO ALEGRE
RS - METROPOLITANA,GLORINHA,METROPOLITANA DE PORTO ALEGRE
RS - METROPOLITANA,VIAMÃO,METROPOLITANA DE CAXIAS DO SUL
RS - METROPOLITANA,ALVORADA,METROPOLITANA DE PORTO ALEGRE
RS - METROPOLITANA,CACHOEIRINHA,METROPOLITANA DE PORTO ALEGRE
RS - METROPOLITANA,CAXIAS DO SUL,METROPOLITANA DE CAXIAS DO SUL
RS - METROPOLITANA,FARROUPILHA,METROPOLITANA DE CAXIAS DO SUL
RS - METROPOLITANA,CARLOS BARBOSA,METROPOLITANA DE CAXIAS DO SUL
RS - METROPOLITANA,FLORES DA CUNHA,METROPOLITANA DE CAXIAS DO SUL
RS - METROPOLITANA,PAROBÉ,METROPOLITANA DE PORTO ALEGRE
RS - METROPOLITANA,BENTO GONÇALVES,METROPOLITANA DE CAXIAS DO SUL
RS - METROPOLITANA,GARIBALDI,METROPOLITANA DE CAXIAS DO SUL
RS - METROPOLITANA,TRIUNFO,METROPOLITANA DE PORTO ALEGRE
RS - INTERIOR,NOVA SANTA RITA,DEMAIS REGIÕES/INTERIOR - RIO GRANDE DO SUL
RS - INTERIOR,SERTÃO SANTANA,DEMAIS REGIÕES/INTERIOR - RIO GRANDE DO SUL
RS - INTERIOR,MARIANA PIMENTEL,DEMAIS REGIÕES/INTERIOR - RIO GRANDE DO SUL
RS - INTERIOR,LINDOLFO COLLOR,DEMAIS REGIÕES/INTERIOR - RIO GRANDE DO SUL
RS - INTERIOR,PRESIDENTE LUCENA,DEMAIS REGIÕES/INTERIOR - RIO GRANDE DO SUL
RS - INTERIOR,MORRO REUTER,DEMAIS REGIÕES/INTERIOR - RIO GRANDE DO SUL
RS - INTERIOR,SANTA MARIA DO HERVAL,DEMAIS REGIÕES/INTERIOR - RIO GRANDE DO SUL
RS - INTERIOR,NOVA PETROPOLIS,DEMAIS REGIÕES/INTERIOR - RIO GRANDE DO SUL
RS - INTERIOR,PICADA CAFÉ,DEMAIS REGIÕES/INTERIOR - RIO GRANDE DO SUL
RS - INTERIOR,SÃO MARCOS,DEMAIS REGIÕES/INTERIOR - RIO GRANDE DO SUL
RS - INTERIOR,VACARIA,DEMAIS REGIÕES/INTERIOR - RIO GRANDE DO SUL
RS - INTERIOR,IPE,DEMAIS REGIÕES/INTERIOR - RIO GRANDE DO SUL
RS - INTERIOR,ANTÔNIO PRADO,DEMAIS REGIÕES/INTERIOR - RIO GRANDE DO SUL
RS - INTERIOR,CAMPESTRE DA SERRA,DEMAIS REGIÕES/INTERIOR - RIO GRANDE DO SUL
RS - INTERIOR,NOVA ROMA DO SUL,DEMAIS REGIÕES/INTERIOR - RIO GRANDE DO SUL
RS - INTERIOR,NOVA PADUA,DEMAIS REGIÕES/INTERIOR - RIO GRANDE DO SUL
RS - INTERIOR,SÃO JOSÉ DOS AUSENTES,DEMAIS REGIÕES/INTERIOR - RIO GRANDE DO SUL
RS - INTERIOR,BOM JESUS,DEMAIS REGIÕES/INTERIOR - RIO GRANDE DO SUL
RS - INTERIOR,LAGOA VERMELHA,DEMAIS REGIÕES/INTERIOR - RIO GRANDE DO SUL
RS - INTERIOR,IBIRAIARAS,DEMAIS REGIÕES/INTERIOR - RIO GRANDE DO SUL
RS - INTERIOR,ANDRÉ DA ROCHA,DEMAIS REGIÕES/INTERIOR - RIO GRANDE DO SUL
RS - INTERIOR,CASEIROS,DEMAIS REGIÕES/INTERIOR - RIO GRANDE DO SUL
RS - INTERIOR,NOVA PRATA,DEMAIS REGIÕES/INTERIOR - RIO GRANDE DO SUL
RS - INTERIOR,VISTA ALEGRE DO PRATA,DEMAIS REGIÕES/INTERIOR - RIO GRANDE DO SUL
RS - INTERIOR,VERANOPOLIS,DEMAIS REGIÕES/INTERIOR - RIO GRANDE DO SUL
RS - INTERIOR,FAGUNDES VARELA,DEMAIS REGIÕES/INTERIOR - RIO GRANDE DO SUL
RS - INTERIOR,VILA FLORES,DEMAIS REGIÕES/INTERIOR - RIO GRANDE DO SUL
RS - INTERIOR,COTIPORA,DEMAIS REGIÕES/INTERIOR - RIO GRANDE DO SUL
RS - INTERIOR,NOVA BASSANO,DEMAIS REGIÕES/INTERIOR - RIO GRANDE DO SUL
RS - INTERIOR,PROTASIO ALVES,DEMAIS REGIÕES/INTERIOR - RIO GRANDE DO SUL
RS - INTERIOR,NOVA ARAÇA,DEMAIS REGIÕES/INTERIOR - RIO GRANDE DO SUL
RS - INTERIOR,GUABIJU,DEMAIS REGIÕES/INTERIOR - RIO GRANDE DO SUL
RS - INTERIOR,PARAI,DEMAIS REGIÕES/INTERIOR - RIO GRANDE DO SUL
RS - INTERIOR,SÃO JORGE,DEMAIS REGIÕES/INTERIOR - RIO GRANDE DO SUL
RS - INTERIOR,BARRACAO,DEMAIS REGIÕES/INTERIOR - RIO GRANDE DO SUL
RS - INTERIOR,ESMERALDA,DEMAIS REGIÕES/INTERIOR - RIO GRANDE DO SUL
RS - INTERIOR,SÃO FRANCISCO DE PAULA,DEMAIS REGIÕES/INTERIOR - RIO GRANDE DO SUL
RS - INTERIOR,JAQUIRANA,DEMAIS REGIÕES/INTERIOR - RIO GRANDE DO SUL
RS - INTERIOR,CAMBARA DO SUL,DEMAIS REGIÕES/INTERIOR - RIO GRANDE DO SUL
RS - INTERIOR,SANTO ANTONIO DA PATRULHA,DEMAIS REGIÕES/INTERIOR - RIO GRANDE DO SUL
RS - INTERIOR,OSORIO,DEMAIS REGIÕES/INTERIOR - RIO GRANDE DO SUL
RS - INTERIOR,MAQUINE,DEMAIS REGIÕES/INTERIOR - RIO GRANDE DO SUL
RS - INTERIOR,TERRA DE AREIA,DEMAIS REGIÕES/INTERIOR - RIO GRANDE DO SUL
RS - INTERIOR,PALMARES DO SUL,DEMAIS REGIÕES/INTERIOR - RIO GRANDE DO SUL
RS - INTERIOR,CAPÃO DA CANOA,DEMAIS REGIÕES/INTERIOR - RIO GRANDE DO SUL
RS - INTERIOR,TORRES,DEMAIS REGIÕES/INTERIOR - RIO GRANDE DO SUL
RS - INTERIOR,TRÊS FORQUILHAS,DEMAIS REGIÕES/INTERIOR - RIO GRANDE DO SUL
RS - INTERIOR,MORRINHOS DO SUL,DEMAIS REGIÕES/INTERIOR - RIO GRANDE DO SUL
RS - INTERIOR,TRÊS CACHOEIRAS,DEMAIS REGIÕES/INTERIOR - RIO GRANDE DO SUL
RS - INTERIOR,ARROIO DO SAL,DEMAIS REGIÕES/INTERIOR - RIO GRANDE DO SUL
RS - INTERIOR,TRAMANDAI,DEMAIS REGIÕES/INTERIOR - RIO GRANDE DO SUL
RS - INTERIOR,CIDREIRA,DEMAIS REGIÕES/INTERIOR - RIO GRANDE DO SUL
RS - INTERIOR,TAQUARA,DEMAIS REGIÕES/INTERIOR - RIO GRANDE DO SUL
RS - INTERIOR,IMBE,DEMAIS REGIÕES/INTERIOR - RIO GRANDE DO SUL
RS - INTERIOR,IGREJINHA,DEMAIS REGIÕES/INTERIOR - RIO GRANDE DO SUL
RS - INTERIOR,TRÊS COROAS,DEMAIS REGIÕES/INTERIOR - RIO GRANDE DO SUL
RS - INTERIOR,GRAMADO,DEMAIS REGIÕES/INTERIOR - RIO GRANDE DO SUL
RS - INTERIOR,CANELA,DEMAIS REGIÕES/INTERIOR - RIO GRANDE DO SUL
RS - INTERIOR,ROLANTE,DEMAIS REGIÕES/INTERIOR - RIO GRANDE DO SUL
RS - INTERIOR,RIOZINHO,DEMAIS REGIÕES/INTERIOR - RIO GRANDE DO SUL
RS - INTERIOR,SANTA TEREZA,DEMAIS REGIÕES/INTERIOR - RIO GRANDE DO SUL
RS - INTERIOR,MONTE BELO DO SUL,DEMAIS REGIÕES/INTERIOR - RIO GRANDE DO SUL
RS - INTERIOR,BARÃO,DEMAIS REGIÕES/INTERIOR - RIO GRANDE DO SUL
RS - INTERIOR,ROÇA SALES,DEMAIS REGIÕES/INTERIOR - RIO GRANDE DO SUL
RS - INTERIOR,POÇO DAS ANTAS,DEMAIS REGIÕES/INTERIOR - RIO GRANDE DO SUL
RS - INTERIOR,CAPELA DE SANTANA,DEMAIS REGIÕES/INTERIOR - RIO GRANDE DO SUL
RS - INTERIOR,SALVADOR DO SUL,DEMAIS REGIÕES/INTERIOR - RIO GRANDE DO SUL
RS - INTERIOR,SÃO JOSÉ DO HORTÊNCIO,DEMAIS REGIÕES/INTERIOR - RIO GRANDE DO SUL
RS - INTERIOR,SÃO PEDRO DA SERRA,DEMAIS REGIÕES/INTERIOR - RIO GRANDE DO SUL
RS - INTERIOR,SÃO SEBASTIÃO DO CAI,DEMAIS REGIÕES/INTERIOR - RIO GRANDE DO SUL
RS - INTERIOR,BOM PRINCIPIO,DEMAIS REGIÕES/INTERIOR - RIO GRANDE DO SUL
RS - INTERIOR,LINHA NOVA,DEMAIS REGIÕES/INTERIOR - RIO GRANDE DO SUL
RS - INTERIOR,FELIZ,DEMAIS REGIÕES/INTERIOR - RIO GRANDE DO SUL
RS - INTERIOR,ALTO FELIZ,DEMAIS REGIÕES/INTERIOR - RIO GRANDE DO SUL
RS - INTERIOR,TUPANDI,DEMAIS REGIÕES/INTERIOR - RIO GRANDE DO SUL
RS - INTERIOR,VALE REAL,DEMAIS REGIÕES/INTERIOR - RIO GRANDE DO SUL
RS - INTERIOR,MONTENEGRO,DEMAIS REGIÕES/INTERIOR - RIO GRANDE DO SUL
RS - INTERIOR,PARECI NOVO,DEMAIS REGIÕES/INTERIOR - RIO GRANDE DO SUL
RS - INTERIOR,HARMONIA,DEMAIS REGIÕES/INTERIOR - RIO GRANDE DO SUL
RS - INTERIOR,BROCHIER,DEMAIS REGIÕES/INTERIOR - RIO GRANDE DO SUL
RS - INTERIOR,MARATA,DEMAIS REGIÕES/INTERIOR - RIO GRANDE DO SUL
RS - INTERIOR,SÃO VENDELINO,DEMAIS REGIÕES/INTERIOR - RIO GRANDE DO SUL
RS - INTERIOR,VENÂNCIO AIRES,DEMAIS REGIÕES/INTERIOR - RIO GRANDE DO SUL
RS - INTERIOR,GENERAL CAMARA,DEMAIS REGIÕES/INTERIOR - RIO GRANDE DO SUL
RS - INTERIOR,MATO LEITÃO,DEMAIS REGIÕES/INTERIOR - RIO GRANDE DO SUL
RS - INTERIOR,TAQUARI,DEMAIS REGIÕES/INTERIOR - RIO GRANDE DO SUL
RS - INTERIOR,PAVERAMA,DEMAIS REGIÕES/INTERIOR - RIO GRANDE DO SUL
RS - INTERIOR,BOM RETIRO DO SUL,DEMAIS REGIÕES/INTERIOR - RIO GRANDE DO SUL
RS - INTERIOR,ESTRELA,DEMAIS REGIÕES/INTERIOR - RIO GRANDE DO SUL
RS - INTERIOR,IMIGRANTE,DEMAIS REGIÕES/INTERIOR - RIO GRANDE DO SUL
RS - INTERIOR,TEUTONIA,DEMAIS REGIÕES/INTERIOR - RIO GRANDE DO SUL
RS - INTERIOR,COLINAS,DEMAIS REGIÕES/INTERIOR - RIO GRANDE DO SUL
RS - INTERIOR,LAJEADO,DEMAIS REGIÕES/INTERIOR - RIO GRANDE DO SUL
RS - INTERIOR,SANTA CLARA DO SUL,DEMAIS REGIÕES/INTERIOR - RIO GRANDE DO SUL
RS - INTERIOR,SERIO,DEMAIS REGIÕES/INTERIOR - RIO GRANDE DO SUL
RS - INTERIOR,BOQUEIRÃO DO LEÃO,DEMAIS REGIÕES/INTERIOR - RIO GRANDE DO SUL
RS - INTERIOR,PROGRESSO,DEMAIS REGIÕES/INTERIOR - RIO GRANDE DO SUL
RS - INTERIOR,CRUZEIRO DO SUL,DEMAIS REGIÕES/INTERIOR - RIO GRANDE DO SUL
RS - INTERIOR,CAPITÃO,DEMAIS REGIÕES/INTERIOR - RIO GRANDE DO SUL
RS - INTERIOR,ARROIO DO MEIO,DEMAIS REGIÕES/INTERIOR - RIO GRANDE DO SUL
RS - INTERIOR,POUSO NOVO,DEMAIS REGIÕES/INTERIOR - RIO GRANDE DO SUL
RS - INTERIOR,TRAVESSEIRO,DEMAIS REGIÕES/INTERIOR - RIO GRANDE DO SUL
RS - INTERIOR,NOVA BRESCIA,DEMAIS REGIÕES/INTERIOR - RIO GRANDE DO SUL
RS - INTERIOR,ENCANTADO,DEMAIS REGIÕES/INTERIOR - RIO GRANDE DO SUL
RS - INTERIOR,RELVADO,DEMAIS REGIÕES/INTERIOR - RIO GRANDE DO SUL
RS - INTERIOR,MUCUM,DEMAIS REGIÕES/INTERIOR - RIO GRANDE DO SUL
RS - INTERIOR,PUTINGA,DEMAIS REGIÕES/INTERIOR - RIO GRANDE DO SUL
RS - INTERIOR,ANTA GORDA,DEMAIS REGIÕES/INTERIOR - RIO GRANDE DO SUL
RS - INTERIOR,NOVA ALVORADA,DEMAIS REGIÕES/INTERIOR - RIO GRANDE DO SUL
RS - INTERIOR,ILOPOLIS,DEMAIS REGIÕES/INTERIOR - RIO GRANDE DO SUL
RS - INTERIOR,ARVOREZINHA,DEMAIS REGIÕES/INTERIOR - RIO GRANDE DO SUL
RS - INTERIOR,ITAPUCA,DEMAIS REGIÕES/INTERIOR - RIO GRANDE DO SUL
RS - INTERIOR,PELOTAS (VER CEP POR LOGRADOUROS),DEMAIS REGIÕES/INTERIOR - RIO GRANDE DO SUL
RS - INTERIOR,MORRO REDONDO,DEMAIS REGIÕES/INTERIOR - RIO GRANDE DO SUL
RS - INTERIOR,CAPÃO DO LEÃO,DEMAIS REGIÕES/INTERIOR - RIO GRANDE DO SUL
RS - INTERIOR,ARAMBARE,DEMAIS REGIÕES/INTERIOR - RIO GRANDE DO SUL
RS - INTERIOR,CAMAQUA,DEMAIS REGIÕES/INTERIOR - RIO GRANDE DO SUL
RS - INTERIOR,DOM FELICIANO,DEMAIS REGIÕES/INTERIOR - RIO GRANDE DO SUL
RS - INTERIOR,CRISTAL,DEMAIS REGIÕES/INTERIOR - RIO GRANDE DO SUL
RS - INTERIOR,RIO GRANDE (VER CEP POR LOGRADOUROS),DEMAIS REGIÕES/INTERIOR - RIO GRANDE DO SUL
RS - INTERIOR,SÃO JOSÉ DO NORTE,DEMAIS REGIÕES/INTERIOR - RIO GRANDE DO SUL
RS - INTERIOR,SANTA VITÓRIA DO PALMAR,DEMAIS REGIÕES/INTERIOR - RIO GRANDE DO SUL
RS - INTERIOR,MOSTARDAS,DEMAIS REGIÕES/INTERIOR - RIO GRANDE DO SUL
RS - INTERIOR,TAVARES,DEMAIS REGIÕES/INTERIOR - RIO GRANDE DO SUL
RS - INTERIOR,JAGUARÃO,DEMAIS REGIÕES/INTERIOR - RIO GRANDE DO SUL
RS - INTERIOR,HERVAL,DEMAIS REGIÕES/INTERIOR - RIO GRANDE DO SUL
RS - INTERIOR,ARROIO GRANDE,DEMAIS REGIÕES/INTERIOR - RIO GRANDE DO SUL
RS - INTERIOR,PEDRO OSÓRIO,DEMAIS REGIÕES/INTERIOR - RIO GRANDE DO SUL
RS - INTERIOR,BAGE (VER CEP POR LOGRADOUROS),DEMAIS REGIÕES/INTERIOR - RIO GRANDE DO SUL
RS - INTERIOR,DOM PEDRITO,DEMAIS REGIÕES/INTERIOR - RIO GRANDE DO SUL
RS - INTERIOR,HULHA NEGRA,DEMAIS REGIÕES/INTERIOR - RIO GRANDE DO SUL
RS - INTERIOR,PINHEIRO MACHADO,DEMAIS REGIÕES/INTERIOR - RIO GRANDE DO SUL
RS - INTERIOR,PIRATINI,DEMAIS REGIÕES/INTERIOR - RIO GRANDE DO SUL
RS - INTERIOR,CANDIOTA,DEMAIS REGIÕES/INTERIOR - RIO GRANDE DO SUL
RS - INTERIOR,CACHOEIRA DO SUL (VER CEP POR LOGRADOUROS),DEMAIS REGIÕES/INTERIOR - RIO GRANDE DO SUL
RS - INTERIOR,PARAISO DO SUL,DEMAIS REGIÕES/INTERIOR - RIO GRANDE DO SUL
RS - INTERIOR,CERRO BRANCO,DEMAIS REGIÕES/INTERIOR - RIO GRANDE DO SUL
RS - INTERIOR,AGUDO,DEMAIS REGIÕES/INTERIOR - RIO GRANDE DO SUL
RS - INTERIOR,CAÇAPAVA DO SUL,DEMAIS REGIÕES/INTERIOR - RIO GRANDE DO SUL
RS - INTERIOR,SANTANA DA BOA VISTA,DEMAIS REGIÕES/INTERIOR - RIO GRANDE DO SUL
RS - INTERIOR,CANGUÇU,DEMAIS REGIÕES/INTERIOR - RIO GRANDE DO SUL
RS - INTERIOR,ENCRUZILHADA DO SUL,DEMAIS REGIÕES/INTERIOR - RIO GRANDE DO SUL
RS - INTERIOR,AMARAL FERRADOR,DEMAIS REGIÕES/INTERIOR - RIO GRANDE DO SUL
RS - INTERIOR,RIO PARDO,DEMAIS REGIÕES/INTERIOR - RIO GRANDE DO SUL
RS - INTERIOR,PASSO DO SOBRADO,DEMAIS REGIÕES/INTERIOR - RIO GRANDE DO SUL
RS - INTERIOR,PANTANO GRANDE,DEMAIS REGIÕES/INTERIOR - RIO GRANDE DO SUL
RS - INTERIOR,SÃO JERONIMO,DEMAIS REGIÕES/INTERIOR - RIO GRANDE DO SUL
RS - INTERIOR,BARÃO DO TRIUNFO,DEMAIS REGIÕES/INTERIOR - RIO GRANDE DO SUL
RS - INTERIOR,ARROIO DOS RATOS,DEMAIS REGIÕES/INTERIOR - RIO GRANDE DO SUL
RS - INTERIOR,CHARQUEADAS,DEMAIS REGIÕES/INTERIOR - RIO GRANDE DO SUL
RS - INTERIOR,BUTIA,DEMAIS REGIÕES/INTERIOR - RIO GRANDE DO SUL
RS - INTERIOR,MINAS DO LEÃO,DEMAIS REGIÕES/INTERIOR - RIO GRANDE DO SUL
RS - INTERIOR,TAPES,DEMAIS REGIÕES/INTERIOR - RIO GRANDE DO SUL
RS - INTERIOR,SENTINELA DO SUL,DEMAIS REGIÕES/INTERIOR - RIO GRANDE DO SUL
RS - INTERIOR,CERRO GRANDE DO SUL,DEMAIS REGIÕES/INTERIOR - RIO GRANDE DO SUL
RS - INTERIOR,BARRA DO RIBEIRO,DEMAIS REGIÕES/INTERIOR - RIO GRANDE DO SUL
RS - INTERIOR,SANTA CRUZ DO SUL (VER CEP POR LOGRADOUROS),DEMAIS REGIÕES/INTERIOR - RIO GRANDE DO SUL
RS - INTERIOR,GRAMADO XAVIER,DEMAIS REGIÕES/INTERIOR - RIO GRANDE DO SUL
RS - INTERIOR,VALE DO SOL,DEMAIS REGIÕES/INTERIOR - RIO GRANDE DO SUL
RS - INTERIOR,VERA CRUZ,DEMAIS REGIÕES/INTERIOR - RIO GRANDE DO SUL
RS - INTERIOR,SINIMBU,DEMAIS REGIÕES/INTERIOR - RIO GRANDE DO SUL
RS - INTERIOR,SOBRADINHO,DEMAIS REGIÕES/INTERIOR - RIO GRANDE DO SUL
RS - INTERIOR,SEGREDO,DEMAIS REGIÕES/INTERIOR - RIO GRANDE DO SUL
RS - INTERIOR,IBARAMA,DEMAIS REGIÕES/INTERIOR - RIO GRANDE DO SUL
RS - INTERIOR,CANDELÁRIA,DEMAIS REGIÕES/INTERIOR - RIO GRANDE DO SUL
RS - INTERIOR,ARROIO DO TIGRE,DEMAIS REGIÕES/INTERIOR - RIO GRANDE DO SUL
RS - INTERIOR,SANTA MARIA (VER CEP POR LOGRADOUROS),DEMAIS REGIÕES/INTERIOR - RIO GRANDE DO SUL
RS - INTERIOR,SÃO MARTINHO DA SERRA,DEMAIS REGIÕES/INTERIOR - RIO GRANDE DO SUL
RS - INTERIOR,SILVEIRA MARTINS,DEMAIS REGIÕES/INTERIOR - RIO GRANDE DO SUL
RS - INTERIOR,RESTINGA SECA,DEMAIS REGIÕES/INTERIOR - RIO GRANDE DO SUL
RS - INTERIOR,FORMIGUEIRO,DEMAIS REGIÕES/INTERIOR - RIO GRANDE DO SUL
RS - INTERIOR,FAXINAL DO SOTURNO,DEMAIS REGIÕES/INTERIOR - RIO GRANDE DO SUL
RS - INTERIOR,SÃO JOÃO DO POLESINE,DEMAIS REGIÕES/INTERIOR - RIO GRANDE DO SUL
RS - INTERIOR,NOVA PALMA,DEMAIS REGIÕES/INTERIOR - RIO GRANDE DO SUL
RS - INTERIOR,DONA FRANCISCA,DEMAIS REGIÕES/INTERIOR - RIO GRANDE DO SUL
RS - INTERIOR,SÃO GABRIEL,DEMAIS REGIÕES/INTERIOR - RIO GRANDE DO SUL
RS - INTERIOR,SÃO SEPE,DEMAIS REGIÕES/INTERIOR - RIO GRANDE DO SUL
RS - INTERIOR,VILA NOVA DO SUL,DEMAIS REGIÕES/INTERIOR - RIO GRANDE DO SUL
RS - INTERIOR,LAVRAS DO SUL,DEMAIS REGIÕES/INTERIOR - RIO GRANDE DO SUL
RS - INTERIOR,SÃO PEDRO DO SUL,DEMAIS REGIÕES/INTERIOR - RIO GRANDE DO SUL
RS - INTERIOR,MATA,DEMAIS REGIÕES/INTERIOR - RIO GRANDE DO SUL
RS - INTERIOR,SÃO VICENTE DO SUL,DEMAIS REGIÕES/INTERIOR - RIO GRANDE DO SUL
RS - INTERIOR,CACEQUI,DEMAIS REGIÕES/INTERIOR - RIO GRANDE DO SUL
RS - INTERIOR,URUGUAIANA (VER CEP POR LOGRADOUROS),DEMAIS REGIÕES/INTERIOR - RIO GRANDE DO SUL
RS - INTERIOR,ALEGRETE (VER CEP POR LOGRADOUROS),DEMAIS REGIÕES/INTERIOR - RIO GRANDE DO SUL
RS - INTERIOR,QUARAI,DEMAIS REGIÕES/INTERIOR - RIO GRANDE DO SUL
RS - INTERIOR,SANTANA DO LIVRAMENTO (VER CEP POR LOGRADOUROS,DEMAIS REGIÕES/INTERIOR - RIO GRANDE DO SUL
RS - INTERIOR,ROSARIO DO SUL,DEMAIS REGIÕES/INTERIOR - RIO GRANDE DO SUL
RS - INTERIOR,SÃO FRANCISCO DE ASSIS,DEMAIS REGIÕES/INTERIOR - RIO GRANDE DO SUL
RS - INTERIOR,MANOEL VIANA,DEMAIS REGIÕES/INTERIOR - RIO GRANDE DO SUL
RS - INTERIOR,ITAQUI,DEMAIS REGIÕES/INTERIOR - RIO GRANDE DO SUL
RS - INTERIOR,SÃO BORJA,DEMAIS REGIÕES/INTERIOR - RIO GRANDE DO SUL
RS - INTERIOR,ITACURUBI,DEMAIS REGIÕES/INTERIOR - RIO GRANDE DO SUL
RS - INTERIOR,GARRUCHOS,DEMAIS REGIÕES/INTERIOR - RIO GRANDE DO SUL
RS - INTERIOR,SANTIAGO,DEMAIS REGIÕES/INTERIOR - RIO GRANDE DO SUL
RS - INTERIOR,JAGUARI,DEMAIS REGIÕES/INTERIOR - RIO GRANDE DO SUL
RS - INTERIOR,NOVA ESPERANCA DO SUL,DEMAIS REGIÕES/INTERIOR - RIO GRANDE DO SUL
RS - INTERIOR,SÃO LUIZ GONZAGA,DEMAIS REGIÕES/INTERIOR - RIO GRANDE DO SUL
RS - INTERIOR,DEZESSEIS DE NOVEMBRO,DEMAIS REGIÕES/INTERIOR - RIO GRANDE DO SUL
RS - INTERIOR,BOSSOROCA,DEMAIS REGIÕES/INTERIOR - RIO GRANDE DO SUL
RS - INTERIOR,SANTO ANTONIO DAS MISSÕES,DEMAIS REGIÕES/INTERIOR - RIO GRANDE DO SUL
RS - INTERIOR,SÃO NICOLAU,DEMAIS REGIÕES/INTERIOR - RIO GRANDE DO SUL
RS - INTERIOR,PIRAPO,DEMAIS REGIÕES/INTERIOR - RIO GRANDE DO SUL
RS - INTERIOR,CERRO LARGO,DEMAIS REGIÕES/INTERIOR - RIO GRANDE DO SUL
RS - INTERIOR,SÃO PEDRO DO BUTIA,DEMAIS REGIÕES/INTERIOR - RIO GRANDE DO SUL
RS - INTERIOR,CAIBATE,DEMAIS REGIÕES/INTERIOR - RIO GRANDE DO SUL
RS - INTERIOR,SALVADOR DAS MISSOES,DEMAIS REGIÕES/INTERIOR - RIO GRANDE DO SUL
RS - INTERIOR,GUARANI DAS MISSOES,DEMAIS REGIÕES/INTERIOR - RIO GRANDE DO SUL
RS - INTERIOR,ROQUE GONZALES,DEMAIS REGIÕES/INTERIOR - RIO GRANDE DO SUL
RS - INTERIOR,SÃO PAULO DAS MISSOES,DEMAIS REGIÕES/INTERIOR - RIO GRANDE DO SUL
RS - INTERIOR,CRUZ ALTA (VER CEP POR LOGRADOUROS),DEMAIS REGIÕES/INTERIOR - RIO GRANDE DO SUL
RS - INTERIOR,FORTALEZA DOS VALOS,DEMAIS REGIÕES/INTERIOR - RIO GRANDE DO SUL
RS - INTERIOR,JULIO DE CASTILHOS,DEMAIS REGIÕES/INTERIOR - RIO GRANDE DO SUL
RS - INTERIOR,QUEVEDOS,DEMAIS REGIÕES/INTERIOR - RIO GRANDE DO SUL
RS - INTERIOR,PINHAL GRANDE,DEMAIS REGIÕES/INTERIOR - RIO GRANDE DO SUL
RS - INTERIOR,IVORA,DEMAIS REGIÕES/INTERIOR - RIO GRANDE DO SUL
RS - INTERIOR,TUPANCIRETA,DEMAIS REGIÕES/INTERIOR - RIO GRANDE DO SUL
RS - INTERIOR,JOIA,DEMAIS REGIÕES/INTERIOR - RIO GRANDE DO SUL
RS - INTERIOR,IBIRUBA,DEMAIS REGIÕES/INTERIOR - RIO GRANDE DO SUL
RS - INTERIOR,QUINZE DE NOVEMBRO,DEMAIS REGIÕES/INTERIOR - RIO GRANDE DO SUL
RS - INTERIOR,SANTA BARBARA DO SUL,DEMAIS REGIÕES/INTERIOR - RIO GRANDE DO SUL
RS - INTERIOR,SALDANHA MARINHO,DEMAIS REGIÕES/INTERIOR - RIO GRANDE DO SUL
RS - INTERIOR,PEJUCARA,DEMAIS REGIÕES/INTERIOR - RIO GRANDE DO SUL
RS - INTERIOR,PANAMBI,DEMAIS REGIÕES/INTERIOR - RIO GRANDE DO SUL
RS - INTERIOR,CONDOR,DEMAIS REGIÕES/INTERIOR - RIO GRANDE DO SUL
RS - INTERIOR,PALMEIRA DAS MISSÕES,DEMAIS REGIÕES/INTERIOR - RIO GRANDE DO SUL
RS - INTERIOR,LAJEADO DO BUGRE,DEMAIS REGIÕES/INTERIOR - RIO GRANDE DO SUL
RS - INTERIOR,SÃO JOSÉ DAS MISSÕES,DEMAIS REGIÕES/INTERIOR - RIO GRANDE DO SUL
RS - INTERIOR,SAGRADA FAMILIA,DEMAIS REGIÕES/INTERIOR - RIO GRANDE DO SUL
RS - INTERIOR,BOA VISTA DAS MISSÕES,DEMAIS REGIÕES/INTERIOR - RIO GRANDE DO SUL
RS - INTERIOR,NOVO BARREIRO,DEMAIS REGIÕES/INTERIOR - RIO GRANDE DO SUL
RS - INTERIOR,CERRO GRANDE,DEMAIS REGIÕES/INTERIOR - RIO GRANDE DO SUL
RS - INTERIOR,PINHAL,DEMAIS REGIÕES/INTERIOR - RIO GRANDE DO SUL
RS - INTERIOR,JABOTICABA,DEMAIS REGIÕES/INTERIOR - RIO GRANDE DO SUL
RS - INTERIOR,RODEIO BONITO,DEMAIS REGIÕES/INTERIOR - RIO GRANDE DO SUL
RS - INTERIOR,NOVO TIRADENTES,DEMAIS REGIÕES/INTERIOR - RIO GRANDE DO SUL
RS - INTERIOR,SEBERI,DEMAIS REGIÕES/INTERIOR - RIO GRANDE DO SUL
RS - INTERIOR,DOIS IRMAÕS DAS MISSÕES,DEMAIS REGIÕES/INTERIOR - RIO GRANDE DO SUL
RS - INTERIOR,ERVAL SECO,DEMAIS REGIÕES/INTERIOR - RIO GRANDE DO SUL
RS - INTERIOR,FREDERICO WESTPHALEN,DEMAIS REGIÕES/INTERIOR - RIO GRANDE DO SUL
RS - INTERIOR,TAQUARUCU DO SUL,DEMAIS REGIÕES/INTERIOR - RIO GRANDE DO SUL
RS - INTERIOR,VISTA ALEGRE,DEMAIS REGIÕES/INTERIOR - RIO GRANDE DO SUL
RS - INTERIOR,PALMITINHO,DEMAIS REGIÕES/INTERIOR - RIO GRANDE DO SUL
RS - INTERIOR,PINHEIRINHO DO VALE,DEMAIS REGIÕES/INTERIOR - RIO GRANDE DO SUL
RS - INTERIOR,CAICARA,DEMAIS REGIÕES/INTERIOR - RIO GRANDE DO SUL
RS - INTERIOR,VICENTE DUTRA,DEMAIS REGIÕES/INTERIOR - RIO GRANDE DO SUL
RS - INTERIOR,IRAI,DEMAIS REGIÕES/INTERIOR - RIO GRANDE DO SUL
RS - INTERIOR,AMETISTA DO SUL,DEMAIS REGIÕES/INTERIOR - RIO GRANDE DO SUL
RS - INTERIOR,PLANALTO,DEMAIS REGIÕES/INTERIOR - RIO GRANDE DO SUL
RS - INTERIOR,ALPESTRE,DEMAIS REGIÕES/INTERIOR - RIO GRANDE DO SUL
RS - INTERIOR,TENENTE PORTELA,DEMAIS REGIÕES/INTERIOR - RIO GRANDE DO SUL
RS - INTERIOR,DERRUBADAS,DEMAIS REGIÕES/INTERIOR - RIO GRANDE DO SUL
RS - INTERIOR,BARRA DO GUARITA,DEMAIS REGIÕES/INTERIOR - RIO GRANDE DO SUL
RS - INTERIOR,VISTA GAUCHA,DEMAIS REGIÕES/INTERIOR - RIO GRANDE DO SUL
RS - INTERIOR,MIRAGUAI,DEMAIS REGIÕES/INTERIOR - RIO GRANDE DO SUL
RS - INTERIOR,REDENTORA,DEMAIS REGIÕES/INTERIOR - RIO GRANDE DO SUL
RS - INTERIOR,BRAGA,DEMAIS REGIÕES/INTERIOR - RIO GRANDE DO SUL
RS - INTERIOR,CAMPO NOVO,DEMAIS REGIÕES/INTERIOR - RIO GRANDE DO SUL
RS - INTERIOR,BOM PROGRESSO,DEMAIS REGIÕES/INTERIOR - RIO GRANDE DO SUL
RS - INTERIOR,CORONEL BICACO,DEMAIS REGIÕES/INTERIOR - RIO GRANDE DO SUL
RS - INTERIOR,SANTO AUGUSTO,DEMAIS REGIÕES/INTERIOR - RIO GRANDE DO SUL
RS - INTERIOR,SÃO VALERIO DO SUL,DEMAIS REGIÕES/INTERIOR - RIO GRANDE DO SUL
RS - INTERIOR,TRÊS PASSOS,DEMAIS REGIÕES/INTERIOR - RIO GRANDE DO SUL
RS - INTERIOR,CRISSIUMAL,DEMAIS REGIÕES/INTERIOR - RIO GRANDE DO SUL
RS - INTERIOR,HUMAITA,DEMAIS REGIÕES/INTERIOR - RIO GRANDE DO SUL
RS - INTERIOR,SEDE NOVA,DEMAIS REGIÕES/INTERIOR - RIO GRANDE DO SUL
RS - INTERIOR,TIRADENTES DO SUL,DEMAIS REGIÕES/INTERIOR - RIO GRANDE DO SUL
RS - INTERIOR,SÃO MARTINHO,DEMAIS REGIÕES/INTERIOR - RIO GRANDE DO SUL
RS - INTERIOR,IJUI,DEMAIS REGIÕES/INTERIOR - RIO GRANDE DO SUL
RS - INTERIOR,CORONEL BARROS,DEMAIS REGIÕES/INTERIOR - RIO GRANDE DO SUL
RS - INTERIOR,AUGUSTO PESTANA,DEMAIS REGIÕES/INTERIOR - RIO GRANDE DO SUL
RS - INTERIOR,AJURICABA,DEMAIS REGIÕES/INTERIOR - RIO GRANDE DO SUL
RS - INTERIOR,CHIAPETTA,DEMAIS REGIÕES/INTERIOR - RIO GRANDE DO SUL
RS - INTERIOR,INHACORA,DEMAIS REGIÕES/INTERIOR - RIO GRANDE DO SUL
RS - INTERIOR,CATUIPE,DEMAIS REGIÕES/INTERIOR - RIO GRANDE DO SUL
RS - INTERIOR,SANTO ANGELO (VER CEP POR LOGRADOUROS),DEMAIS REGIÕES/INTERIOR - RIO GRANDE DO SUL
RS - INTERIOR,VITORIA DAS MISSOES,DEMAIS REGIÕES/INTERIOR - RIO GRANDE DO SUL
RS - INTERIOR,ENTRE IJUIS,DEMAIS REGIÕES/INTERIOR - RIO GRANDE DO SUL
RS - INTERIOR,EUGENIO DE CASTRO,DEMAIS REGIÕES/INTERIOR - RIO GRANDE DO SUL
RS - INTERIOR,SÃO MIGUEL DAS MISSOES,DEMAIS REGIÕES/INTERIOR - RIO GRANDE DO SUL
RS - INTERIOR,GIRUA,DEMAIS REGIÕES/INTERIOR - RIO GRANDE DO SUL
RS - INTERIOR,SANTA ROSA,DEMAIS REGIÕES/INTERIOR - RIO GRANDE DO SUL
RS - INTERIOR,ALEGRIA,DEMAIS REGIÕES/INTERIOR - RIO GRANDE DO SUL
RS - INTERIOR,TRÊS DE MAIO,DEMAIS REGIÕES/INTERIOR - RIO GRANDE DO SUL
RS - INTERIOR,INDEPENDENCIA,DEMAIS REGIÕES/INTERIOR - RIO GRANDE DO SUL
RS - INTERIOR,BOA VISTA DO BURICA,DEMAIS REGIÕES/INTERIOR - RIO GRANDE DO SUL
RS - INTERIOR,HORIZONTINA,DEMAIS REGIÕES/INTERIOR - RIO GRANDE DO SUL
RS - INTERIOR,DOUTOR MAURICIO CARDOSO,DEMAIS REGIÕES/INTERIOR - RIO GRANDE DO SUL
RS - INTERIOR,TUCUNDUVA,DEMAIS REGIÕES/INTERIOR - RIO GRANDE DO SUL
RS - INTERIOR,TUPARENDI,DEMAIS REGIÕES/INTERIOR - RIO GRANDE DO SUL
RS - INTERIOR,PORTO MAUA,DEMAIS REGIÕES/INTERIOR - RIO GRANDE DO SUL
RS - INTERIOR,ALECRIM,DEMAIS REGIÕES/INTERIOR - RIO GRANDE DO SUL
RS - INTERIOR,NOVO MACHADO,DEMAIS REGIÕES/INTERIOR - RIO GRANDE DO SUL
RS - INTERIOR,SÃO JOSE DO INHACORA,DEMAIS REGIÕES/INTERIOR - RIO GRANDE DO SUL
RS - INTERIOR,SANTO CRISTO,DEMAIS REGIÕES/INTERIOR - RIO GRANDE DO SUL
RS - INTERIOR,CANDIDO GODOI,DEMAIS REGIÕES/INTERIOR - RIO GRANDE DO SUL
RS - INTERIOR,CAMPINA DAS MISSOES,DEMAIS REGIÕES/INTERIOR - RIO GRANDE DO SUL
RS - INTERIOR,PORTO LUCENA,DEMAIS REGIÕES/INTERIOR - RIO GRANDE DO SUL
RS - INTERIOR,PORTO VERA CRUZ,DEMAIS REGIÕES/INTERIOR - RIO GRANDE DO SUL
RS - INTERIOR,PORTO XAVIER,DEMAIS REGIÕES/INTERIOR - RIO GRANDE DO SUL
RS - INTERIOR,PASSO FUNDO (VER CEP POR LOGRADOUROS),DEMAIS REGIÕES/INTERIOR - RIO GRANDE DO SUL
RS - INTERIOR,ERNESTINA,DEMAIS REGIÕES/INTERIOR - RIO GRANDE DO SUL
RS - INTERIOR,COXILHA,DEMAIS REGIÕES/INTERIOR - RIO GRANDE DO SUL
RS - INTERIOR,MARAU,DEMAIS REGIÕES/INTERIOR - RIO GRANDE DO SUL
RS - INTERIOR,VILA MARIA,DEMAIS REGIÕES/INTERIOR - RIO GRANDE DO SUL
RS - INTERIOR,GENTIL,DEMAIS REGIÕES/INTERIOR - RIO GRANDE DO SUL
RS - INTERIOR,CAMARGO,DEMAIS REGIÕES/INTERIOR - RIO GRANDE DO SUL
RS - INTERIOR,SERTAO,DEMAIS REGIÕES/INTERIOR - RIO GRANDE DO SUL
RS - INTERIOR,NICOLAU VERGUEIRO,DEMAIS REGIÕES/INTERIOR - RIO GRANDE DO SUL
RS - INTERIOR,MATO CASTELHANO,DEMAIS REGIÕES/INTERIOR - RIO GRANDE DO SUL
RS - INTERIOR,PONTAO,DEMAIS REGIÕES/INTERIOR - RIO GRANDE DO SUL
RS - INTERIOR,GUAPORE,DEMAIS REGIÕES/INTERIOR - RIO GRANDE DO SUL
RS - INTERIOR,UNIAO DA SERRA,DEMAIS REGIÕES/INTERIOR - RIO GRANDE DO SUL
RS - INTERIOR,DOIS LAJEADOS,DEMAIS REGIÕES/INTERIOR - RIO GRANDE DO SUL
RS - INTERIOR,SÃO VALENTIM DO SUL,DEMAIS REGIÕES/INTERIOR - RIO GRANDE DO SUL
RS - INTERIOR,SERAFINA CORREA,DEMAIS REGIÕES/INTERIOR - RIO GRANDE DO SUL
RS - INTERIOR,MONTAURI,DEMAIS REGIÕES/INTERIOR - RIO GRANDE DO SUL
RS - INTERIOR,CASCA,DEMAIS REGIÕES/INTERIOR - RIO GRANDE DO SUL
RS - INTERIOR,SANTO ANTONIO DO PALMA,DEMAIS REGIÕES/INTERIOR - RIO GRANDE DO SUL
RS - INTERIOR,SÃO DOMINGOS DO SUL,DEMAIS REGIÕES/INTERIOR - RIO GRANDE DO SUL
RS - INTERIOR,VANINI,DEMAIS REGIÕES/INTERIOR - RIO GRANDE DO SUL
RS - INTERIOR,SOLEDADE,DEMAIS REGIÕES/INTERIOR - RIO GRANDE DO SUL
RS - INTERIOR,MORMACO,DEMAIS REGIÕES/INTERIOR - RIO GRANDE DO SUL
RS - INTERIOR,IBIRAPUITA,DEMAIS REGIÕES/INTERIOR - RIO GRANDE DO SUL
RS - INTERIOR,TUNAS,DEMAIS REGIÕES/INTERIOR - RIO GRANDE DO SUL
RS - INTERIOR,LAGOAO,DEMAIS REGIÕES/INTERIOR - RIO GRANDE DO SUL
RS - INTERIOR,VICTOR GRAEFF,DEMAIS REGIÕES/INTERIOR - RIO GRANDE DO SUL
RS - INTERIOR,BARROS CASSAL,DEMAIS REGIÕES/INTERIOR - RIO GRANDE DO SUL
RS - INTERIOR,FONTOURA XAVIER,DEMAIS REGIÕES/INTERIOR - RIO GRANDE DO SUL
RS - INTERIOR,SÃO JOSE DO HERVAL,DEMAIS REGIÕES/INTERIOR - RIO GRANDE DO SUL
RS - INTERIOR,ESPUMOSO,DEMAIS REGIÕES/INTERIOR - RIO GRANDE DO SUL
RS - INTERIOR,ALTO ALEGRE,DEMAIS REGIÕES/INTERIOR - RIO GRANDE DO SUL
RS - INTERIOR,CAMPOS BORGES,DEMAIS REGIÕES/INTERIOR - RIO GRANDE DO SUL
RS - INTERIOR,SALTO DO JACUI,DEMAIS REGIÕES/INTERIOR - RIO GRANDE DO SUL
RS - INTERIOR,SELBACH,DEMAIS REGIÕES/INTERIOR - RIO GRANDE DO SUL
RS - INTERIOR,COLORADO,DEMAIS REGIÕES/INTERIOR - RIO GRANDE DO SUL
RS - INTERIOR,NAO-ME-TOQUE,DEMAIS REGIÕES/INTERIOR - RIO GRANDE DO SUL
RS - INTERIOR,TAPERA,DEMAIS REGIÕES/INTERIOR - RIO GRANDE DO SUL
RS - INTERIOR,LAGOA DOS TRÊS CANTOS,DEMAIS REGIÕES/INTERIOR - RIO GRANDE DO SUL
RS - INTERIOR,CARAZINHO,DEMAIS REGIÕES/INTERIOR - RIO GRANDE DO SUL
RS - INTERIOR,SANTO ANTONIO DO PLANALTO,DEMAIS REGIÕES/INTERIOR - RIO GRANDE DO SUL
RS - INTERIOR,COQUEIROS DO SUL,DEMAIS REGIÕES/INTERIOR - RIO GRANDE DO SUL
RS - INTERIOR,CHAPADA,DEMAIS REGIÕES/INTERIOR - RIO GRANDE DO SUL
RS - INTERIOR,SARANDI,DEMAIS REGIÕES/INTERIOR - RIO GRANDE DO SUL
RS - INTERIOR,NOVA BOA VISTA,DEMAIS REGIÕES/INTERIOR - RIO GRANDE DO SUL
RS - INTERIOR,BARRA FUNDA,DEMAIS REGIÕES/INTERIOR - RIO GRANDE DO SUL
RS - INTERIOR,RONDINHA,DEMAIS REGIÕES/INTERIOR - RIO GRANDE DO SUL
RS - INTERIOR,NONOAI,DEMAIS REGIÕES/INTERIOR - RIO GRANDE DO SUL
RS - INTERIOR,GRAMADO DOS LOUREIROS,DEMAIS REGIÕES/INTERIOR - RIO GRANDE DO SUL
RS - INTERIOR,RIO DOS INDIOS,DEMAIS REGIÕES/INTERIOR - RIO GRANDE DO SUL
RS - INTERIOR,TRINDADE DO SUL,DEMAIS REGIÕES/INTERIOR - RIO GRANDE DO SUL
RS - INTERIOR,SÃO VALENTIM,DEMAIS REGIÕES/INTERIOR - RIO GRANDE DO SUL
RS - INTERIOR,ENTRE RIOS DO SUL,DEMAIS REGIÕES/INTERIOR - RIO GRANDE DO SUL
RS - INTERIOR,FAXINALZINHO,DEMAIS REGIÕES/INTERIOR - RIO GRANDE DO SUL
RS - INTERIOR,CAMPINAS DO SUL,DEMAIS REGIÕES/INTERIOR - RIO GRANDE DO SUL
RS - INTERIOR,RONDA ALTA,DEMAIS REGIÕES/INTERIOR - RIO GRANDE DO SUL
RS - INTERIOR,TRÊS PALMEIRAS,DEMAIS REGIÕES/INTERIOR - RIO GRANDE DO SUL
RS - INTERIOR,CONSTANTINA,DEMAIS REGIÕES/INTERIOR - RIO GRANDE DO SUL
RS - INTERIOR,LIBERATO SALZANO,DEMAIS REGIÕES/INTERIOR - RIO GRANDE DO SUL
RS - INTERIOR,ENGENHO VELHO,DEMAIS REGIÕES/INTERIOR - RIO GRANDE DO SUL
RS - INTERIOR,ERECHIM,DEMAIS REGIÕES/INTERIOR - RIO GRANDE DO SUL
RS - INTERIOR,TRÊS ARROIOS,DEMAIS REGIÕES/INTERIOR - RIO GRANDE DO SUL
RS - INTERIOR,JACUTINGA,DEMAIS REGIÕES/INTERIOR - RIO GRANDE DO SUL
RS - INTERIOR,PONTE PRETA,DEMAIS REGIÕES/INTERIOR - RIO GRANDE DO SUL
RS - INTERIOR,BARAO DE COTEGIPE,DEMAIS REGIÕES/INTERIOR - RIO GRANDE DO SUL
RS - INTERIOR,ERVAL GRANDE,DEMAIS REGIÕES/INTERIOR - RIO GRANDE DO SUL
RS - INTERIOR,ITATIBA DO SUL,DEMAIS REGIÕES/INTERIOR - RIO GRANDE DO SUL
RS - INTERIOR,ARATIBA,DEMAIS REGIÕES/INTERIOR - RIO GRANDE DO SUL
RS - INTERIOR,MARIANO MORO,DEMAIS REGIÕES/INTERIOR - RIO GRANDE DO SUL
RS - INTERIOR,BARRA DO RIO AZUL,DEMAIS REGIÕES/INTERIOR - RIO GRANDE DO SUL
RS - INTERIOR,MARCELINO RAMOS,DEMAIS REGIÕES/INTERIOR - RIO GRANDE DO SUL
RS - INTERIOR,SEVERIANO DE ALMEIDA,DEMAIS REGIÕES/INTERIOR - RIO GRANDE DO SUL
RS - INTERIOR,VIADUTOS,DEMAIS REGIÕES/INTERIOR - RIO GRANDE DO SUL
RS - INTERIOR,CARLOS GOMES,DEMAIS REGIÕES/INTERIOR - RIO GRANDE DO SUL
RS - INTERIOR,GAURAMA,DEMAIS REGIÕES/INTERIOR - RIO GRANDE DO SUL
RS - INTERIOR,AUREA,DEMAIS REGIÕES/INTERIOR - RIO GRANDE DO SUL
RS - INTERIOR,CENTENARIO,DEMAIS REGIÕES/INTERIOR - RIO GRANDE DO SUL
RS - INTERIOR,SANANDUVA,DEMAIS REGIÕES/INTERIOR - RIO GRANDE DO SUL
RS - INTERIOR,PAIM FILHO,DEMAIS REGIÕES/INTERIOR - RIO GRANDE DO SUL
RS - INTERIOR,SÃO JOÃO DA URTIGA,DEMAIS REGIÕES/INTERIOR - RIO GRANDE DO SUL
RS - INTERIOR,CACIQUE DOBLE,DEMAIS REGIÕES/INTERIOR - RIO GRANDE DO SUL
RS - INTERIOR,SÃO JOSE DO OURO,DEMAIS REGIÕES/INTERIOR - RIO GRANDE DO SUL
RS - INTERIOR,TUPANCI DO SUL,DEMAIS REGIÕES/INTERIOR - RIO GRANDE DO SUL
RS - INTERIOR,MACHADINHO,DEMAIS REGIÕES/INTERIOR - RIO GRANDE DO SUL
RS - INTERIOR,MAXIMILIANO DE ALMEIDA,DEMAIS REGIÕES/INTERIOR - RIO GRANDE DO SUL
RS - INTERIOR,SANTO EXPEDITO DO SUL,DEMAIS REGIÕES/INTERIOR - RIO GRANDE DO SUL
RS - INTERIOR,GETULIO VARGAS,DEMAIS REGIÕES/INTERIOR - RIO GRANDE DO SUL
RS - INTERIOR,EREBANGO,DEMAIS REGIÕES/INTERIOR - RIO GRANDE DO SUL
RS - INTERIOR,IPIRANGA DO SUL,DEMAIS REGIÕES/INTERIOR - RIO GRANDE DO SUL
RS - INTERIOR,ESTACAO,DEMAIS REGIÕES/INTERIOR - RIO GRANDE DO SUL
RS - INTERIOR,IBIACA,DEMAIS REGIÕES/INTERIOR - RIO GRANDE DO SUL
RS - INTERIOR,TAPEJARA,DEMAIS REGIÕES/INTERIOR - RIO GRANDE DO SUL
RS - INTERIOR,CHARRUA,DEMAIS REGIÕES/INTERIOR - RIO GRANDE DO SUL
RS - INTERIOR,AGUA SANTA,DEMAIS REGIÕES/INTERIOR - RIO GRANDE DO SUL
RS - INTERIOR,CIRIACO,DEMAIS REGIÕES/INTERIOR - RIO GRANDE DO SUL
RS - INTERIOR,DAVID CANABARRO,DEMAIS REGIÕES/INTERIOR - RIO GRANDE DO SUL
RS - INTERIOR,MULITERNO,DEMAIS REGIÕES/INTERIOR - RIO GRANDE DO SUL
Paraná,CANTA GALO,FOZ DO IGUAÇU- MEDIANEIRA - CASCAVEL E TOLEDO
Paraná,LARANJEIRAS DO SUL, FOZ DO IGUAÇU - MEDIANEIRA - CASCAVEL E TOLEDO
Paraná,NOVA LARANJEIRAS, FOZ DO IGUAÇU - MEDIANEIRA - CASCAVEL E TOLEDO
Paraná,GUARANIAÇU, FOZ DO IGUAÇU - MEDIANEIRA - CASCAVEL E TOLEDO
Paraná,NOVA AURORA, FOZ DO IGUAÇU - MEDIANEIRA - CASCAVEL E TOLEDO
Paraná,CAFELÂNDIA, FOZ DO IGUAÇU - MEDIANEIRA - CASCAVEL E TOLEDO
Paraná,CORBÉLIA, FOZ DO IGUAÇU - MEDIANEIRA - CASCAVEL E TOLEDO
Paraná,BRAGANEY, FOZ DO IGUAÇU - MEDIANEIRA - CASCAVEL E TOLEDO
Paraná,CAMPO BONITO, FOZ DO IGUAÇU - MEDIANEIRA - CASCAVEL E TOLEDO
Paraná,QUEDAS DO IGUAÇU, FOZ DO IGUAÇU - MEDIANEIRA - CASCAVEL E TOLEDO
Paraná,CATANDUVAS, FOZ DO IGUAÇU - MEDIANEIRA - CASCAVEL E TOLEDO
Paraná,IBEMA, FOZ DO IGUAÇU - MEDIANEIRA - CASCAVEL E TOLEDO
Paraná,TRÊS BARRAS DO PARANÁ, FOZ DO IGUAÇU - MEDIANEIRA - CASCAVEL E TOLEDO
Paraná,BOA VISTA DA APARECIDA, FOZ DO IGUAÇU - MEDIANEIRA - CASCAVEL E TOLEDO
Paraná,CAPITÃO LEÔNIDAS MARQUES, FOZ DO IGUAÇU - MEDIANEIRA - CASCAVEL E TOLEDO
Paraná,SANTA LÚCIA, FOZ DO IGUAÇU - MEDIANEIRA - CASCAVEL E TOLEDO
Paraná,CASCAVEL, FOZ DO IGUAÇU - MEDIANEIRA - CASCAVEL E TOLEDO
Paraná,SANTA TEREZA DO OESTE, FOZ DO IGUAÇU - MEDIANEIRA - CASCAVEL E TOLEDO
Paraná,LINDOESTE, FOZ DO IGUAÇU - MEDIANEIRA - CASCAVEL E TOLEDO
Paraná,FORMOSA DO OESTE, FOZ DO IGUAÇU - MEDIANEIRA - CASCAVEL E TOLEDO
Paraná,JESUÍTAS, FOZ DO IGUAÇU - MEDIANEIRA - CASCAVEL E TOLEDO
Paraná,CÉU AZUL, FOZ DO IGUAÇU - MEDIANEIRA - CASCAVEL E TOLEDO
Paraná,VERA CRUZ DO OESTE, FOZ DO IGUAÇU - MEDIANEIRA - CASCAVEL E TOLEDO
Paraná,FOZ DO IGUAÇU, FOZ DO IGUAÇU - MEDIANEIRA - CASCAVEL E TOLEDO
Paraná,SANTA TEREZINHA DO ITAIPU, FOZ DO IGUAÇU - MEDIANEIRA - CASCAVEL E TOLEDO
Paraná,SÃO MIGUEL DO IGUAÇU, FOZ DO IGUAÇU - MEDIANEIRA - CASCAVEL E TOLEDO
Paraná,MEDIANEIRA, FOZ DO IGUAÇU - MEDIANEIRA - CASCAVEL E TOLEDO
Paraná,MATELÂNDIA, FOZ DO IGUAÇU - MEDIANEIRA - CASCAVEL E TOLEDO
Paraná,MISSAL, FOZ DO IGUAÇU - MEDIANEIRA - CASCAVEL E TOLEDO
Paraná,SANTA HELENA, FOZ DO IGUAÇU - MEDIANEIRA - CASCAVEL E TOLEDO
Paraná,SÃO JOSÉ DAS PALMEIRAS, FOZ DO IGUAÇU - MEDIANEIRA - CASCAVEL E TOLEDO
Paraná,TOLEDO, FOZ DO IGUAÇU - MEDIANEIRA - CASCAVEL E TOLEDO
Paraná,NOVA SANTA ROSA, FOZ DO IGUAÇU - MEDIANEIRA - CASCAVEL E TOLEDO
Paraná,OURO VERDE DO OESTE, FOZ DO IGUAÇU - MEDIANEIRA - CASCAVEL E TOLEDO
Paraná,ASSIS CHATEAUBRIAND, FOZ DO IGUAÇU - MEDIANEIRA - CASCAVEL E TOLEDO
Paraná,BRAGANTINA, FOZ DO IGUAÇU - MEDIANEIRA - CASCAVEL E TOLEDO
Paraná,QUATRO PONTES, FOZ DO IGUAÇU - MEDIANEIRA - CASCAVEL E TOLEDO
Paraná,TUPÃSSI, FOZ DO IGUAÇU - MEDIANEIRA - CASCAVEL E TOLEDO
Paraná,PATO BRAGADO, FOZ DO IGUAÇU - MEDIANEIRA - CASCAVEL E TOLEDO
Paraná,PALOTINA, FOZ DO IGUAÇU - MEDIANEIRA - CASCAVEL E TOLEDO
Paraná,MARECHAL CÂNDIDO RONDON, FOZ DO IGUAÇU - MEDIANEIRA - CASCAVEL E TOLEDO
Paraná,GUAÍRA, FOZ DO IGUAÇU - MEDIANEIRA - CASCAVEL E TOLEDO
Paraná,TERRA ROXA, FOZ DO IGUAÇU - MEDIANEIRA - CASCAVEL E TOLEDO
Paraná,MERCEDES, FOZ DO IGUAÇU - MEDIANEIRA - CASCAVEL E TOLEDO
Paraná,SARANDI, FOZ DO IGUAÇU - MEDIANEIRA - CASCAVEL E TOLEDO
Paraná,WITMARSUM, FOZ DO IGUAÇU - MEDIANEIRA - CASCAVEL E TOLEDO
Paraná,SÃO BENTO DO SUL, FOZ DO IGUAÇU - MEDIANEIRA - CASCAVEL E TOLEDO
Paraná,CURITIBA (VER CEP POR LOGRADOUROS),METROPOLITANA DE CURITIBA
Paraná,TIJUCAS DO SUL,METROPOLITANA DE CURITIBA
Paraná,PARANAGUA (VER CEP POR LOGRADOUROS),METROPOLITANA DE CURITIBA
Paraná,PONTA DO SUL,METROPOLITANA DE CURITIBA
Paraná,MATINHOS,METROPOLITANA DE CURITIBA
Paraná,GUARATUBA,METROPOLITANA DE CURITIBA
Paraná,PIRAQUARA (VER CEP POR LOGRADOUROS),METROPOLITANA DE CURITIBA
Paraná,MORRETES,METROPOLITANA DE CURITIBA
Paraná,ANTONINA,METROPOLITANA DE CURITIBA
Paraná,GUARAQUECABA,METROPOLITANA DE CURITIBA
Paraná,COLOMBO (VER CEP POR LOGRADOUROS),METROPOLITANA DE CURITIBA
Paraná,QUATRO BARRAS,METROPOLITANA DE CURITIBA
Paraná,CAMPINA GRANDE DO SUL,METROPOLITANA DE CURITIBA
Paraná,BOCAIUVA DO SUL,METROPOLITANA DE CURITIBA
Paraná,ADRIANÓPOLIS,METROPOLITANA DE CURITIBA
Paraná,ALMIRANTE TAMANDARÉ (VER CEP POR LOGRADOUROS),METROPOLITANA DE CURITIBA
Paraná,RIO BRANCO DO SUL,METROPOLITANA DE CURITIBA
Paraná,CERRO AZUL,METROPOLITANA DE CURITIBA
Paraná,CAMPO LARGO (VER CEP POR LOGRADOUROS),METROPOLITANA DE CURITIBA
Paraná,BALSA NOVA,METROPOLITANA DE CURITIBA
Paraná,ARAUCÁRIA (VER CEP POR LOGRADOUROS),METROPOLITANA DE CURITIBA
Paraná,CONTENDA,METROPOLITANA DE CURITIBA
Paraná,LAPA,METROPOLITANA DE CURITIBA
Paraná,MANDIRITUBA,METROPOLITANA DE CURITIBA
Paraná,QUITANDINHA,METROPOLITANA DE CURITIBA
Paraná,AGUDOS DO SUL,METROPOLITANA DE CURITIBA
Paraná,PIEN,METROPOLITANA DE CURITIBA
Paraná,CAMPO TENENTE,METROPOLITANA DE CURITIBA
Paraná,RIO NEGRO,METROPOLITANA DE CURITIBA
Paraná,SAO MATEUS DO SUL,METROPOLITANA DE CURITIBA
Paraná,ANTONIO OLINTO,METROPOLITANA DE CURITIBA
Paraná,PONTA GROSSA (VER CEP POR LOGRADOUROS),METROPOLITANA DE CURITIBA
Paraná,PALMEIRA,METROPOLITANA DE CURITIBA
Paraná,PORTO AMAZONAS,METROPOLITANA DE CURITIBA
Paraná,SAO JOÃO DO TRIUNFO,METROPOLITANA DE CURITIBA
Paraná,CASTRO (VER CEP POR LOGRADOUROS),METROPOLITANA DE CURITIBA
Paraná,CARAMBEÍ,METROPOLITANA DE CURITIBA
Paraná,JAGUARIAIVA,METROPOLITANA DE CURITIBA
Paraná,SENGES,METROPOLITANA DE CURITIBA
Paraná,PIRAI DO SUL,METROPOLITANA DE CURITIBA
Paraná,TELEMACO BORBA (VER CEP POR LOGRADOUROS),METROPOLITANA DE CURITIBA
Paraná,TIBAGI,METROPOLITANA DE CURITIBA
Paraná,RESERVA,METROPOLITANA DE CURITIBA
Paraná,PRUDENTOPOLIS,METROPOLITANA DE CURITIBA
Paraná,IMBITUVA,METROPOLITANA DE CURITIBA
Paraná,IPIRANGA,METROPOLITANA DE CURITIBA
Paraná,IVAI,METROPOLITANA DE CURITIBA
Paraná,CANDIDO DE ABREU,METROPOLITANA DE CURITIBA
Paraná,IRATI,METROPOLITANA DE CURITIBA
Paraná,INACIO MARTINS,METROPOLITANA DE CURITIBA
Paraná,TEIXEIRA SOARES,METROPOLITANA DE CURITIBA
Paraná,REBOUÇAS,METROPOLITANA DE CURITIBA
Paraná,RIO AZUL,METROPOLITANA DE CURITIBA
Paraná,MALLET,METROPOLITANA DE CURITIBA
Paraná,UNIAO DA VITORIA,METROPOLITANA DE CURITIBA
Paraná,PORTO VITORIA,METROPOLITANA DE CURITIBA
Paraná,CRUZ MACHADO,METROPOLITANA DE CURITIBA
Paraná,PAULA FREITAS,METROPOLITANA DE CURITIBA
Paraná,PAULO FRONTIN,METROPOLITANA DE CURITIBA
Paraná,BITURUNA,METROPOLITANA DE CURITIBA
Paraná,GENERAL CARNEIRO,METROPOLITANA DE CURITIBA
Paraná,PALMAS,METROPOLITANA DE CURITIBA
Paraná,GUARAPUAVA (VER CEP POR LOGRADOUROS),METROPOLITANA DE CURITIBA
Paraná,CANDOI,METROPOLITANA DE CURITIBA
Paraná,TURVO,METROPOLITANA DE CURITIBA
Paraná,PINHAO,METROPOLITANA DE CURITIBA
Paraná,PITANGA,METROPOLITANA DE CURITIBA
Paraná,NOVA TEBAS,METROPOLITANA DE CURITIBA
Paraná,PALMITAL,METROPOLITANA DE CURITIBA
Paraná,ALTAMIRA DO PARANA,METROPOLITANA DE CURITIBA
Paraná,VIRMOND,METROPOLITANA DE CURITIBA
Paraná,PATO BRANCO (VER CEP POR LOGRADOUROS),METROPOLITANA DE CURITIBA
Paraná,MARIOPOLIS,METROPOLITANA DE CURITIBA
Paraná,CLEVELANDIA,METROPOLITANA DE CURITIBA
Paraná,MANGUEIRINHA,METROPOLITANA DE CURITIBA
Paraná,CORONEL VIVIDA,METROPOLITANA DE CURITIBA
Paraná,CHOPINZINHO,METROPOLITANA DE CURITIBA
Paraná,SULINA,METROPOLITANA DE CURITIBA
Paraná,SAO JOÃO,METROPOLITANA DE CURITIBA
Paraná,SAO JORGE DO OESTE,METROPOLITANA DE CURITIBA
Paraná,ITAPEJARA D'OESTE,METROPOLITANA DE CURITIBA
Paraná,VERE,METROPOLITANA DE CURITIBA
Paraná,DOIS VIZINHOS,METROPOLITANA DE CURITIBA
Paraná,FRANCISCO BELTRAO (VER CEP POR LOGRADOUROS),METROPOLITANA DE CURITIBA
Paraná,RENASCENÇA,METROPOLITANA DE CURITIBA
Paraná,MARMELEIRO,METROPOLITANA DE CURITIBA
Paraná,SALGADO FILHO,METROPOLITANA DE CURITIBA
Paraná,ENEAS MARQUES,METROPOLITANA DE CURITIBA
Paraná,AMPERE,METROPOLITANA DE CURITIBA
Paraná,SANTA IZABEL DO OESTE,METROPOLITANA DE CURITIBA
Paraná,SALTO DO LONTRA,METROPOLITANA DE CURITIBA
Paraná,NOVA PRATA DO IGUACU,METROPOLITANA DE CURITIBA
Paraná,BARRAÇÃO,METROPOLITANA DE CURITIBA
Paraná,SANTO ANTONIO DO SUDOESTE,METROPOLITANA DE CURITIBA
Paraná,PRANCHITA,METROPOLITANA DE CURITIBA
Paraná,PEROLA DO OESTE,METROPOLITANA DE CURITIBA
Paraná,PLANALTO,METROPOLITANA DE CURITIBA
Paraná,CAPANEMA,METROPOLITANA DE CURITIBA
Paraná,REALEZA,METROPOLITANA DE CURITIBA
Paraná,DIAMANTE DO OESTE,METROPOLITANA DE CURITIBA
Paraná,MARIPA,METROPOLITANA DE CURITIBA
Paraná,ARAPOTI,METROPOLITANA DE CURITIBA
Paraná,IRETAMA,METROPOLITANA DE CURITIBA
Paraná,LUIZIANA,METROPOLITANA DE CURITIBA
Paraná,RONCADOR,METROPOLITANA DE CURITIBA
Paraná,NOVA CANTU,METROPOLITANA DE CURITIBA
Paraná,CAMPINA DA LAGOA,METROPOLITANA DE CURITIBA
Paraná,UBIRATA,METROPOLITANA DE CURITIBA
Paraná,JURANDA,METROPOLITANA DE CURITIBA
Paraná,GOIO-ERE,METROPOLITANA DE CURITIBA
Paraná,MOREIRA SALES,METROPOLITANA DE CURITIBA
Paraná,JANIOPOLIS,METROPOLITANA DE CURITIBA
Paraná,BOA ESPERANÇA,METROPOLITANA DE CURITIBA
Paraná,FRANCISCO ALVES,METROPOLITANA DE CURITIBA
Paraná,SAO JOSÉ DOS PINHAIS (VER CEP POR LOGRADOUROS),DEMAIS REGIÕES DO ESTADO DO PARANÁ
Paraná,PINHAIS (VER CEP POR LOGRADOUROS),DEMAIS REGIÕES DO ESTADO DO PARANÁ
Paraná,TUNAS DO PARANA,DEMAIS REGIÕES DO ESTADO DO PARANÁ
Paraná,ITAPERUCU,DEMAIS REGIÕES DO ESTADO DO PARANÁ
Paraná,DOUTOR ULYSSES,DEMAIS REGIÕES DO ESTADO DO PARANÁ
Paraná,FAZENDA RIO GRANDE,DEMAIS REGIÕES DO ESTADO DO PARANÁ
Paraná,CURIUVA,DEMAIS REGIÕES DO ESTADO DO PARANÁ
Paraná,FIGUEIRA,DEMAIS REGIÕES DO ESTADO DO PARANÁ
Paraná,SAPOPEMA,DEMAIS REGIÕES DO ESTADO DO PARANÁ
Paraná,VENTANIA,DEMAIS REGIÕES DO ESTADO DO PARANÁ
Paraná,ORTIGUEIRA,DEMAIS REGIÕES DO ESTADO DO PARANÁ
Paraná,SANTA MARIA DO OESTE,DEMAIS REGIÕES DO ESTADO DO PARANÁ
Paraná,MATO RICO,DEMAIS REGIÕES DO ESTADO DO PARANÁ
Paraná,MANOEL RIBAS,DEMAIS REGIÕES DO ESTADO DO PARANÁ
Paraná,LARANJAL,DEMAIS REGIÕES DO ESTADO DO PARANÁ
Paraná,RIO BONITO DO IGUACU,DEMAIS REGIÕES DO ESTADO DO PARANÁ
Paraná,DIAMANTE DO SUL,DEMAIS REGIÕES DO ESTADO DO PARANÁ
Paraná,IGUATU,DEMAIS REGIÕES DO ESTADO DO PARANÁ
Paraná,ANAHY,DEMAIS REGIÕES DO ESTADO DO PARANÁ
Paraná,BOM SUCESSO DO SUL,DEMAIS REGIÕES DO ESTADO DO PARANÁ
Paraná,VITORINO,DEMAIS REGIÕES DO ESTADO DO PARANÁ
Paraná,HONORIO SERPA,DEMAIS REGIÕES DO ESTADO DO PARANÁ
Paraná,SAUDADE DO IGUACU,DEMAIS REGIÕES DO ESTADO DO PARANÁ
Paraná,BOA ESPERANCA DO IGUACU,DEMAIS REGIÕES DO ESTADO DO PARANÁ
Paraná,CRUZEIRO DO IGUACU,DEMAIS REGIÕES DO ESTADO DO PARANÁ
Paraná,FLOR DA SERRA DO SUL,DEMAIS REGIÕES DO ESTADO DO PARANÁ
Paraná,NOVA ESPERANCA DO SUDOESTE,DEMAIS REGIÕES DO ESTADO DO PARANÁ
Paraná,PINHAL DO SAO BENTO,DEMAIS REGIÕES DO ESTADO DO PARANÁ
Paraná,IRACEMA DO OESTE,DEMAIS REGIÕES DO ESTADO DO PARANÁ
Paraná,ITAIPULANDIA,DEMAIS REGIÕES DO ESTADO DO PARANÁ
Paraná,RAMILANDIA,DEMAIS REGIÕES DO ESTADO DO PARANÁ
Paraná,SAO PEDRO DO IGUACU,DEMAIS REGIÕES DO ESTADO DO PARANÁ
Paraná,ENTRE RIOS DO OESTE,DEMAIS REGIÕES DO ESTADO DO PARANÁ
Paraná,LONDRINA (VER CEP POR LOGRADOUROS),DEMAIS REGIÕES DO ESTADO DO PARANÁ
Paraná,BELA VISTA DO PARAISO,DEMAIS REGIÕES DO ESTADO DO PARANÁ
Paraná,PRIMEIRO DE MAIO,DEMAIS REGIÕES DO ESTADO DO PARANÁ
Paraná,ALVORADA DO SUL,DEMAIS REGIÕES DO ESTADO DO PARANÁ
Paraná,PORECATU,DEMAIS REGIÕES DO ESTADO DO PARANÁ
Paraná,FLORESTOPOLIS,DEMAIS REGIÕES DO ESTADO DO PARANÁ
Paraná,SERTANOPOLIS,DEMAIS REGIÕES DO ESTADO DO PARANÁ
Paraná,CAMBE (VER CEP POR LOGRADOUROS),DEMAIS REGIÕES DO ESTADO DO PARANÁ
Paraná,IBIPORA,DEMAIS REGIÕES DO ESTADO DO PARANÁ
Paraná,JATAIZINHO,DEMAIS REGIÕES DO ESTADO DO PARANÁ
Paraná,ASSAI,DEMAIS REGIÕES DO ESTADO DO PARANÁ
Paraná,SANTA CECILIA DO PAVAO,DEMAIS REGIÕES DO ESTADO DO PARANÁ
Paraná,NOVA AMERICA DA COLINA,DEMAIS REGIÕES DO ESTADO DO PARANÁ
Paraná,SAO SEBASTIAO DA AMOREIRA,DEMAIS REGIÕES DO ESTADO DO PARANÁ
Paraná,NOVA SANTA BARBARA,DEMAIS REGIÕES DO ESTADO DO PARANÁ
Paraná,SAO JERONIMO DA SERRA,DEMAIS REGIÕES DO ESTADO DO PARANÁ
Paraná,URAI,DEMAIS REGIÕES DO ESTADO DO PARANÁ
Paraná,RANCHO ALEGRE,DEMAIS REGIÕES DO ESTADO DO PARANÁ
Paraná,CORNELIO PROCOPIO,DEMAIS REGIÕES DO ESTADO DO PARANÁ
Paraná,NOVA FATIMA,DEMAIS REGIÕES DO ESTADO DO PARANÁ
Paraná,SANTO ANTONIO DO PARAISO,DEMAIS REGIÕES DO ESTADO DO PARANÁ
Paraná,CONGONHINHAS,DEMAIS REGIÕES DO ESTADO DO PARANÁ
Paraná,LEOPOLIS,DEMAIS REGIÕES DO ESTADO DO PARANÁ
Paraná,SERTANEJA,DEMAIS REGIÕES DO ESTADO DO PARANÁ
Paraná,SANTA MARIANA,DEMAIS REGIÕES DO ESTADO DO PARANÁ
Paraná,BANDEIRANTES,DEMAIS REGIÕES DO ESTADO DO PARANÁ
Paraná,SANTA AMELIA,DEMAIS REGIÕES DO ESTADO DO PARANÁ
Paraná,ITAMBARACA,DEMAIS REGIÕES DO ESTADO DO PARANÁ
Paraná,ANDIRA,DEMAIS REGIÕES DO ESTADO DO PARANÁ
Paraná,BARRA DO JACARE,DEMAIS REGIÕES DO ESTADO DO PARANÁ
Paraná,CAMBARA,DEMAIS REGIÕES DO ESTADO DO PARANÁ
Paraná,JACAREZINHO,DEMAIS REGIÕES DO ESTADO DO PARANÁ
Paraná,RIBEIRAO CLARO,DEMAIS REGIÕES DO ESTADO DO PARANÁ
Paraná,CARLOPOLIS,DEMAIS REGIÕES DO ESTADO DO PARANÁ
Paraná,SANTO ANTONIO DA PLATINA,DEMAIS REGIÕES DO ESTADO DO PARANÁ
Paraná,ABATIA,DEMAIS REGIÕES DO ESTADO DO PARANÁ
Paraná,JUNDIAI DO SUL,DEMAIS REGIÕES DO ESTADO DO PARANÁ
Paraná,CONSELHEIRO MAIRINCK,DEMAIS REGIÕES DO ESTADO DO PARANÁ
Paraná,RIBEIRAO DO PINHAL,DEMAIS REGIÕES DO ESTADO DO PARANÁ
Paraná,WENCESLAU BRAZ,DEMAIS REGIÕES DO ESTADO DO PARANÁ
Paraná,SANTANA DO ITARARE,DEMAIS REGIÕES DO ESTADO DO PARANÁ
Paraná,SAO JOSE DA BOA VISTA,DEMAIS REGIÕES DO ESTADO DO PARANÁ
Paraná,SIQUEIRA CAMPOS,DEMAIS REGIÕES DO ESTADO DO PARANÁ
Paraná,SALTO DO ITARARE,DEMAIS REGIÕES DO ESTADO DO PARANÁ
Paraná,QUATIGUA,DEMAIS REGIÕES DO ESTADO DO PARANÁ
Paraná,JOAQUIM TAVORA,DEMAIS REGIÕES DO ESTADO DO PARANÁ
Paraná,GUAPIRAMA,DEMAIS REGIÕES DO ESTADO DO PARANÁ
Paraná,TOMAZINA,DEMAIS REGIÕES DO ESTADO DO PARANÁ
Paraná,PINHALAO,DEMAIS REGIÕES DO ESTADO DO PARANÁ
Paraná,JABOTI,DEMAIS REGIÕES DO ESTADO DO PARANÁ
Paraná,JAPIRA,DEMAIS REGIÕES DO ESTADO DO PARANÁ
Paraná,IBAITI,DEMAIS REGIÕES DO ESTADO DO PARANÁ
Paraná,ROLANDIA,DEMAIS REGIÕES DO ESTADO DO PARANÁ
Paraná,JAGUAPITA,DEMAIS REGIÕES DO ESTADO DO PARANÁ
Paraná,PITANGUEIRAS,DEMAIS REGIÕES DO ESTADO DO PARANÁ
Paraná,MIRASELVA,DEMAIS REGIÕES DO ESTADO DO PARANÁ
Paraná,GUARACI,DEMAIS REGIÕES DO ESTADO DO PARANÁ
Paraná,CENTENARIO DO SUL,DEMAIS REGIÕES DO ESTADO DO PARANÁ
Paraná,LUPIONOPOLIS,DEMAIS REGIÕES DO ESTADO DO PARANÁ
Paraná,CAFEARA,DEMAIS REGIÕES DO ESTADO DO PARANÁ
Paraná,SANTO INACIO,DEMAIS REGIÕES DO ESTADO DO PARANÁ
Paraná,SANTA INES,DEMAIS REGIÕES DO ESTADO DO PARANÁ
Paraná,ITAGUAJE,DEMAIS REGIÕES DO ESTADO DO PARANÁ
Paraná,NOSSA SENHORA DAS GRACAS,DEMAIS REGIÕES DO ESTADO DO PARANÁ
Paraná,COLORADO,DEMAIS REGIÕES DO ESTADO DO PARANÁ
Paraná,ARAPONGAS (VER CEP POR LOGRADOUROS),DEMAIS REGIÕES DO ESTADO DO PARANÁ
Paraná,SABAUDIA,DEMAIS REGIÕES DO ESTADO DO PARANÁ
Paraná,ASTORGA,DEMAIS REGIÕES DO ESTADO DO PARANÁ
Paraná,IGUARACU,DEMAIS REGIÕES DO ESTADO DO PARANÁ
Paraná,ANGULO,DEMAIS REGIÕES DO ESTADO DO PARANÁ
Paraná,MUNHOZ DE MELLO,DEMAIS REGIÕES DO ESTADO DO PARANÁ
Paraná,SANTA FE,DEMAIS REGIÕES DO ESTADO DO PARANÁ
Paraná,FLORIDA,DEMAIS REGIÕES DO ESTADO DO PARANÁ
Paraná,LOBATO,DEMAIS REGIÕES DO ESTADO DO PARANÁ
Paraná,APUCARANA (VER CEP POR LOGRADOUROS),DEMAIS REGIÕES DO ESTADO DO PARANÁ
Paraná,CALIFORNIA,DEMAIS REGIÕES DO ESTADO DO PARANÁ
Paraná,MARILANDIA DO SUL,DEMAIS REGIÕES DO ESTADO DO PARANÁ
Paraná,MAUA DA SERRA,DEMAIS REGIÕES DO ESTADO DO PARANÁ
Paraná,RIO BOM,DEMAIS REGIÕES DO ESTADO DO PARANÁ
Paraná,FAXINAL,DEMAIS REGIÕES DO ESTADO DO PARANÁ
Paraná,GRANDES RIOS,DEMAIS REGIÕES DO ESTADO DO PARANÁ
Paraná,ROSARIO DO IVAI,DEMAIS REGIÕES DO ESTADO DO PARANÁ
Paraná,JARDIM ALEGRE,DEMAIS REGIÕES DO ESTADO DO PARANÁ
Paraná,LIDIANOPOLIS,DEMAIS REGIÕES DO ESTADO DO PARANÁ
Paraná,IVAIPORA,DEMAIS REGIÕES DO ESTADO DO PARANÁ
Paraná,CAMBIRA,DEMAIS REGIÕES DO ESTADO DO PARANÁ
Paraná,NOVO ITACOLOMI,DEMAIS REGIÕES DO ESTADO DO PARANÁ
Paraná,JANDAIA DO SUL,DEMAIS REGIÕES DO ESTADO DO PARANÁ
Paraná,MARUMBI,DEMAIS REGIÕES DO ESTADO DO PARANÁ
Paraná,KALORE,DEMAIS REGIÕES DO ESTADO DO PARANÁ
Paraná,BORRAZOPOLIS,DEMAIS REGIÕES DO ESTADO DO PARANÁ
Paraná,SAO JOAO DO IVAI,DEMAIS REGIÕES DO ESTADO DO PARANÁ
Paraná,LUNARDELLI,DEMAIS REGIÕES DO ESTADO DO PARANÁ
Paraná,GODOY MOREIRA,DEMAIS REGIÕES DO ESTADO DO PARANÁ
Paraná,BOM SUCESSO,DEMAIS REGIÕES DO ESTADO DO PARANÁ
Paraná,SAO PEDRO DO IVAI,DEMAIS REGIÕES DO ESTADO DO PARANÁ
Paraná,FENIX,DEMAIS REGIÕES DO ESTADO DO PARANÁ
Paraná,BARBOSA FERRAZ,DEMAIS REGIÕES DO ESTADO DO PARANÁ
Paraná,CORUMBATAI DO SUL,DEMAIS REGIÕES DO ESTADO DO PARANÁ
Paraná,MANDAGUARI,DEMAIS REGIÕES DO ESTADO DO PARANÁ
Paraná,ITAMBE,DEMAIS REGIÕES DO ESTADO DO PARANÁ
Paraná,MARIALVA,DEMAIS REGIÕES DO ESTADO DO PARANÁ
Paraná,MARINGA (VER CEP POR LOGRADOUROS),DEMAIS REGIÕES DO ESTADO DO PARANÁ
Paraná,FLORESTA,DEMAIS REGIÕES DO ESTADO DO PARANÁ
Paraná,IVATUBA,DEMAIS REGIÕES DO ESTADO DO PARANÁ
Paraná,PAICANDU,DEMAIS REGIÕES DO ESTADO DO PARANÁ
Paraná,DOUTOR CAMARGO,DEMAIS REGIÕES DO ESTADO DO PARANÁ
Paraná,MANDAGUACU,DEMAIS REGIÕES DO ESTADO DO PARANÁ
Paraná,OURIZONA,DEMAIS REGIÕES DO ESTADO DO PARANÁ
Paraná,PRESIDENTE CASTELO BRANCO,DEMAIS REGIÕES DO ESTADO DO PARANÁ
Paraná,FLORAI,DEMAIS REGIÕES DO ESTADO DO PARANÁ
Paraná,SAO JORGE DO IVAI,DEMAIS REGIÕES DO ESTADO DO PARANÁ
Paraná,CIANORTE,DEMAIS REGIÕES DO ESTADO DO PARANÁ
Paraná,INDIANOPOLIS,DEMAIS REGIÕES DO ESTADO DO PARANÁ
Paraná,SAO MANOEL,DEMAIS REGIÕES DO ESTADO DO PARANÁ
Paraná,SAO TOME,DEMAIS REGIÕES DO ESTADO DO PARANÁ
Paraná,JAPURA,DEMAIS REGIÕES DO ESTADO DO PARANÁ
Paraná,JUSSARA,DEMAIS REGIÕES DO ESTADO DO PARANÁ
Paraná,TERRA BOA,DEMAIS REGIÕES DO ESTADO DO PARANÁ
Paraná,PEABIRU,DEMAIS REGIÕES DO ESTADO DO PARANÁ
Paraná,ARARUNA,DEMAIS REGIÕES DO ESTADO DO PARANÁ
Paraná,QUINTA DO SOL,DEMAIS REGIÕES DO ESTADO DO PARANÁ
Paraná,ENGENHEIRO BELTRAO,DEMAIS REGIÕES DO ESTADO DO PARANÁ
Paraná,CAMPO MOURAO (VER CEP POR LOGRADOUROS),DEMAIS REGIÕES DO ESTADO DO PARANÁ
Paraná,FAROL,DEMAIS REGIÕES DO ESTADO DO PARANÁ
Paraná,MAMBORE,DEMAIS REGIÕES DO ESTADO DO PARANÁ
Paraná,RANCHO ALEGRE D'OESTE,DEMAIS REGIÕES DO ESTADO DO PARANÁ
Paraná,CRUZEIRO DO OESTE,DEMAIS REGIÕES DO ESTADO DO PARANÁ
Paraná,TAPEJARA,DEMAIS REGIÕES DO ESTADO DO PARANÁ
Paraná,TUNEIRAS DO OESTE,DEMAIS REGIÕES DO ESTADO DO PARANÁ
Paraná,MARILUZ,DEMAIS REGIÕES DO ESTADO DO PARANÁ
Paraná,MARIA HELENA,DEMAIS REGIÕES DO ESTADO DO PARANÁ
Paraná,DOURADINA,DEMAIS REGIÕES DO ESTADO DO PARANÁ
Paraná,NOVA OLIMPIA,DEMAIS REGIÕES DO ESTADO DO PARANÁ
Paraná,UMUARAMA (VER CEP POR LOGRADOUROS),DEMAIS REGIÕES DO ESTADO DO PARANÁ
Paraná,IVATE,DEMAIS REGIÕES DO ESTADO DO PARANÁ
Paraná,VILA ALTA,DEMAIS REGIÕES DO ESTADO DO PARANÁ
Paraná,ICARAIMA,DEMAIS REGIÕES DO ESTADO DO PARANÁ
Paraná,PEROLA,DEMAIS REGIÕES DO ESTADO DO PARANÁ
Paraná,ALTONIA,DEMAIS REGIÕES DO ESTADO DO PARANÁ
Paraná,SAO JORGE DO PATROCINIO,DEMAIS REGIÕES DO ESTADO DO PARANÁ
Paraná,IPORA,DEMAIS REGIÕES DO ESTADO DO PARANÁ
Paraná,CAFEZAL DO SUL,DEMAIS REGIÕES DO ESTADO DO PARANÁ
Paraná,ALTO PIQUIRI,DEMAIS REGIÕES DO ESTADO DO PARANÁ
Paraná,BRASILANDIA DO SUL,DEMAIS REGIÕES DO ESTADO DO PARANÁ
Paraná,NOVA ESPERANCA,DEMAIS REGIÕES DO ESTADO DO PARANÁ
Paraná,ATALAIA,DEMAIS REGIÕES DO ESTADO DO PARANÁ
Paraná,UNIFLOR,DEMAIS REGIÕES DO ESTADO DO PARANÁ
Paraná,CRUZEIRO DO SUL,DEMAIS REGIÕES DO ESTADO DO PARANÁ
Paraná,PARANACITY,DEMAIS REGIÕES DO ESTADO DO PARANÁ
Paraná,INAJA,DEMAIS REGIÕES DO ESTADO DO PARANÁ
Paraná,PARANAPOEMA,DEMAIS REGIÕES DO ESTADO DO PARANÁ
Paraná,JARDIM OLINDA,DEMAIS REGIÕES DO ESTADO DO PARANÁ
Paraná,PARANAVAI (VER CEP POR LOGRADOUROS),DEMAIS REGIÕES DO ESTADO DO PARANÁ
Paraná,SANTO ANTONIO DO CAIUA,DEMAIS REGIÕES DO ESTADO DO PARANÁ
Paraná,SAO JOAO DO CAIUA,DEMAIS REGIÕES DO ESTADO DO PARANÁ
Paraná,ALTO PARANA,DEMAIS REGIÕES DO ESTADO DO PARANÁ
Paraná,TAMBOARA,DEMAIS REGIÕES DO ESTADO DO PARANÁ
Paraná,PARAISO DO NORTE,DEMAIS REGIÕES DO ESTADO DO PARANÁ
Paraná,NOVA ALIANCA DO IVAI,DEMAIS REGIÕES DO ESTADO DO PARANÁ
Paraná,RONDON,DEMAIS REGIÕES DO ESTADO DO PARANÁ
Paraná,GUAPOREMA,DEMAIS REGIÕES DO ESTADO DO PARANÁ
Paraná,CIDADE GAUCHA,DEMAIS REGIÕES DO ESTADO DO PARANÁ
Paraná,TAPIRA,DEMAIS REGIÕES DO ESTADO DO PARANÁ
Paraná,MIRADOR,DEMAIS REGIÕES DO ESTADO DO PARANÁ
Paraná,AMAPORA,DEMAIS REGIÕES DO ESTADO DO PARANÁ
Paraná,PLANALTINA DO PARANA,DEMAIS REGIÕES DO ESTADO DO PARANÁ
Paraná,GUAIRACA,DEMAIS REGIÕES DO ESTADO DO PARANÁ
Paraná,TERRA RICA,DEMAIS REGIÕES DO ESTADO DO PARANÁ
Paraná,LOANDA,DEMAIS REGIÕES DO ESTADO DO PARANÁ
Paraná,SANTA ISABEL DO IVAI,DEMAIS REGIÕES DO ESTADO DO PARANÁ
Paraná,SANTA MONICA,DEMAIS REGIÕES DO ESTADO DO PARANÁ
Paraná,SANTA CRUZ DE MONTE CASTELO,DEMAIS REGIÕES DO ESTADO DO PARANÁ
Paraná,QUERENCIA DO NORTE,DEMAIS REGIÕES DO ESTADO DO PARANÁ
Paraná,PORTO RICO,DEMAIS REGIÕES DO ESTADO DO PARANÁ
Paraná,SAO PEDRO DO PARANA,DEMAIS REGIÕES DO ESTADO DO PARANÁ
Paraná,MARILENA,DEMAIS REGIÕES DO ESTADO DO PARANÁ
Paraná,NOVA LONDRINA,DEMAIS REGIÕES DO ESTADO DO PARANÁ
Paraná,ITAUNA DO SUL,DEMAIS REGIÕES DO ESTADO DO PARANÁ
Paraná,DIAMANTE DO NORTE,DEMAIS REGIÕES DO ESTADO DO PARANÁ
São Paulo,ARUJÁ,VALE DO PARAÍBA
São Paulo,SANTA ISABEL,VALE DO PARAÍBA
São Paulo,FERRAZ DE VASCONCELOS,VALE DO PARAÍBA
São Paulo,POÁ,VALE DO PARAÍBA
São Paulo,ITAQUAQUECETUBA,VALE DO PARAÍBA
São Paulo,SUZANO,VALE DO PARAÍBA
São Paulo,MOGI DAS CRUZES,VALE DO PARAÍBA
São Paulo,GUARAREMA,VALE DO PARAÍBA
São Paulo,BIRITIBA MIRIN,VALE DO PARAÍBA
São Paulo,SALESÓLOLIS,VALE DO PARAÍBA
São Paulo,ITANHAEM,VALE DO RIBEIRA
São Paulo,PERUIBE,VALE DO RIBEIRA
São Paulo,ITARIRI,VALE DO RIBEIRA
São Paulo,PEDRO DE TOLEDO,VALE DO RIBEIRA
São Paulo,JUQUIÁ,VALE DO RIBEIRA
São Paulo,MIRACATU,VALE DO RIBEIRA
São Paulo,REGISTRO,VALE DO RIBEIRA
São Paulo,IGUAPE,VALE DO RIBEIRA
São Paulo,ILHA COMPRIDA,VALE DO RIBEIRA
São Paulo,PARIQUERA-AÇU,VALE DO RIBEIRA
São Paulo,CAJATI,VALE DO RIBEIRA
São Paulo,ELDORADO PAULISTA,VALE DO RIBEIRA
São Paulo,CANANÉIA,VALE DO RIBEIRA
São Paulo,TAUBATÉ,VALE DO PARAÍBA
São Paulo,TREMEMBÉ,VALE DO RIBEIRA
São Paulo,LAGOINHA,VALE DO PARAÍBA
São Paulo,SÃO LUIZ DO PARAITINGA,VALE DO RIBEIRA
São Paulo,REDENÇÃO DA SERRA,VALE DO PARAÍBA
São Paulo,NATIVIDADE DA SERRA,VALE DO PARAÍBA
São Paulo,SÃO JOSÉ DOS CAMPOS,SÃO JOSÉ DOS CAMPOS
São Paulo,MONTEIRO LOBATO,VALE DO PARAÍBA
São Paulo,PARAIBUNA,VALE DO PARAÍBA
São Paulo,CAÇAPAVA,SÃO JOSÉ DOS CAMPOS
São Paulo,JAMBEIRO,VALE DO PARAÍBA
São Paulo,JACAREÍ,SÃO JOSÉ DOS CAMPOS
São Paulo,IGARATÁ,VALE DO PARAÍBA
São Paulo,SANTA BRANCA,VALE DO PARAÍBA
São Paulo,PINDAMONHANGABA,VALE DO PARAÍBA
São Paulo,SANTO ANTÔNIO DO PINHAL,VALE DO PARAÍBA
São Paulo,CAMPOS DE JORDÃO,VALE DO PARAÍBA
São Paulo,SÃO BENTO DO SAPUCÁ,VALE DO PARAÍBA
São Paulo,GUARATINGUETÁ,VALE DO PARAÍBA
São Paulo,POTIM,VALE DO RIBEIRA
São Paulo,CUNHA,VALE DO PARAÍBA
São Paulo,APARECIDA,VALE DO PARAÍBA
São Paulo,ROSEIRA,VALE DO PARAÍBA
São Paulo,LORENA,VALE DO PARAÍBA
São Paulo,PIQUETE,VALE DO PARAÍBA
São Paulo,CACHOEIRA PAULISTA,VALE DO PARAÍBA
São Paulo,SILVEIRAS,VALE DO PARAÍBA
São Paulo,CRUZEIRO,VALE DO PARAÍBA
São Paulo,LAVRINHAS,VALE DO PARAÍBA
São Paulo,QUELUZ,VALE DO PARAÍBA
São Paulo,AREIAS,VALE DO PARAÍBA
São Paulo,SÃO JOSÉ DO BARREIRA,VALE DO PARAÍBA
São Paulo,BANANAL,VALE DO PARAÍBA
São Paulo,ARAPEI,VALE DO RIBEIRA
São Paulo,APIAÍ,VALE DO RIBEIRA
São Paulo,BARRA DO CHAPEU,VALE DO RIBEIRA
São Paulo,IPORANGA,VALE DO RIBEIRA
São Paulo,BARRA DO TURVO,VALE DO RIBEIRA
São Paulo,ITAOCA,VALE DO RIBEIRA
São Paulo,RIBEIRA,VALE DO RIBEIRA
São Paulo,ITAPIRAPUA PAULISTA,VALE DO RIBEIRA
São Paulo,XAMBRE,VALE DO PARAÍBA
São Paulo,SAO CARLOS DO IVAI,VALE DO PARAÍBA
São Paulo,BERTIOGA,BAIXADA SANTISTA
São Paulo,SÃO VICENTE,LITORAL NORTE DE SÃO PAULO
São Paulo,GUARUJÁ,BAIXADA SANTISTA
São Paulo,CUBATÃO,BAIXADA SANTISTA
São Paulo,SÃO SEBASTIÃO,LITORAL NORTE DE SÃO PAULO
São Paulo,ILHA BELA,LITORAL NORTE DE SÃO PAULO
São Paulo,CARAGUATATUBA,LITORAL NORTE DE SÃO PAULO
São Paulo,PRAIA GRANDE,BAIXADA SANTISTA
São Paulo,MONGAGUÁ,BAIXADA SANTISTA
São Paulo,SETE BARRAS,BAIXADA SANTISTA
São Paulo,JACUPIRANGA,BAIXADA SANTISTA
São Paulo,SÃO PAULO,METROPOLITANA DE SÃO PAULO
São Paulo,OSASCO,METROPOLITANA DE SÃO PAULO
São Paulo,CARAPICUÍBA,METROPOLITANA DE SÃO PAULO
São Paulo,BARUERI,METROPOLITANA DE SÃO PAULO
São Paulo,SANTANA DO PARNAÍBA,METROPOLITANA DE SÃO PAULO
São Paulo,PIRAPORA DO BOM JESUS,METROPOLITANA DE SÃO PAULO
São Paulo,JANDIRA,METROPOLITANA DE SÃO PAULO
São Paulo,ITAPEVI,METROPOLITANA DE SÃO PAULO
São Paulo,COTIA,METROPOLITANA DE SÃO PAULO
São Paulo,TABOÃO DA SERRA,METROPOLITANA DE SÃO PAULO
São Paulo,EMBU,METROPOLITANA DE SÃO PAULO
São Paulo,ITAPECERICA DA SERRA,METROPOLITANA DE SÃO PAULO
São Paulo,EMBU-GUAÇU,METROPOLITANA DE SÃO PAULO
São Paulo,JUQUITIBA,METROPOLITANA DE SÃO PAULO
São Paulo,GUARULHOS,METROPOLITANA DE SÃO PAULO
São Paulo,MAIRIPORÃ,METROPOLITANA DE SÃO PAULO
São Paulo,CAIERAS,METROPOLITANA DE SÃO PAULO
São Paulo,CAJAMAR,METROPOLITANA DE SÃO PAULO
São Paulo,FRANCO DA ROCHA,METROPOLITANA DE SÃO PAULO
São Paulo,FRANCISCO MORATO,METROPOLITANA DE SÃO PAULO
São Paulo,SANTO ANDRÉ,ABCD - SANTO ANDRÉ - SÃO BERNARDO - SÃO CAETANO - DIADEMA
São Paulo,MAUÁ,ABCD - SANTO ANDRÉ - SÃO BERNARDO - SÃO CAETANO - DIADEMA
São Paulo,RIBEIRÃO PIRES,ABCD - SANTO ANDRÉ - SÃO BERNARDO - SÃO CAETANO - DIADEMA
São Paulo,RIO GRANDE DA SERRA,METROPOLITANA DE SÃO PAULO
São Paulo,SÃO CAETANO DO SUL,ABCD - SANTO ANDRÉ - SÃO BERNARDO - SÃO CAETANO - DIADEMA
São Paulo,SÃO BERNARDO DO CAMPO,ABCD - SANTO ANDRÉ - SÃO BERNARDO - SÃO CAETANO - DIADEMA
São Paulo,DIADEMA, ABCD - SANTO ANDRÉ - SÃO BERNARDO - SÃO CAETANO - DIADEMA
São Paulo,SANTOS,METROPOLITANA DE SÃO PAULO
São Paulo,UBATUBA,METROPOLITANA DE SÃO PAULO
São Paulo,CAMPINAS,CAMPINAS - CIDADE
São Paulo,PAULÍNIA,DEMAIS CAMPINAS 1
São Paulo,SUMARÉ,DEMAIS CAMPINAS 1
São Paulo,HORTOLÂNDIA,DEMAIS CAMPINAS 1
São Paulo,MONTE MÓR,DEMAIS CAMPINAS 1
São Paulo,JUNDIAÍ,DEMAIS CAMPINAS 1
São Paulo,VÁRZEA PAULISTA,DEMAIS CAMPINAS 2
São Paulo,CAMPO LIMPO PAULISTA,DEMAIS CAMPINAS 1
São Paulo,JARINÚ,DEMAIS CAMPINAS 2
São Paulo,ITATIBA,DEMAIS CAMPINAS 2
São Paulo,MORUNGABA,DEMAIS CAMPINAS 2
São Paulo,VALINHOS,DEMAIS CAMPINAS 1
São Paulo,LOUVEIRA,DEMAIS CAMPINAS 2
São Paulo,ITUPEVA,DEMAIS CAMPINAS 2
São Paulo,INDAIATUBA,DEMAIS CAMPINAS 2
São Paulo,ELIAS FAUSTO,DEMAIS CAMPINAS 1
São Paulo,VARGEM GRANDE PAULISTA,DEMAIS INTERIOR DE SÃO PAULO
São Paulo,SAO LOURENCO DA SERRA,DEMAIS INTERIOR DE SÃO PAULO
São Paulo,BRAGANÇA PAULISTA,SOROCABA - REGIÃO 2
São Paulo,TUIUTI,SOROCABA - REGIÃO 2
São Paulo,VARGEM,SOROCABA - REGIÃO 2
São Paulo,ATIBAIA,SOROCABA - REGIÃO 2
São Paulo,BOM JESUS DOS PERDOES,SOROCABA - REGIÃO 2
São Paulo,NAZARE PAULISTA,SOROCABA - REGIÃO 2
São Paulo,PIRACAIA,SOROCABA - REGIÃO 2
São Paulo,JOANOPOLIS,SOROCABA - REGIÃO 2
São Paulo,PEDRA BELA,SOROCABA - REGIÃO 2
São Paulo,PINHALZINHO,SOROCABA - REGIÃO 2
São Paulo,COSMOPOLIS,SOROCABA - REGIÃO 2
São Paulo,ARTUR NOGUEIRA,SOROCABA - REGIÃO 2
São Paulo,ENGENHEIRO COELHO,SOROCABA - REGIÃO 2
São Paulo,VINHEDO,SOROCABA - CIDADE E REGIÃO
São Paulo,ITU,SOROCABA - REGIÃO 2
São Paulo,CABREÚVA,SOROCABA - REGIÃO 2
São Paulo,SALTO,SOROCABA - REGIÃO 2
São Paulo,CAPIVARI,SOROCABA - CIDADE E REGIÃO
São Paulo,RAFARD,SOROCABA - CIDADE E REGIÃO
São Paulo,MOMBUCA,SOROCABA - CIDADE E REGIÃO
São Paulo,RIO DAS PEDRAS,SOROCABA - CIDADE E REGIÃO
São Paulo,PIRACICABA,SOROCABA - CIDADE E REGIÃO
São Paulo,SALTINHO,SOROCABA - REGIÃO 2
São Paulo,SANTA BARBARA D´OESTE,SOROCABA - CIDADE E REGIÃO
São Paulo,NOVA ODESSA,SOROCABA - CIDADE E REGIÃO
São Paulo,AMERICANA,SOROCABA - CIDADE E REGIÃO
São Paulo,LIMEIRA,SOROCABA - REGIÃO 2
São Paulo,CORDEIROPOLIS,SOROCABA - REGIÃO 2
São Paulo,IRACEMAPOLIS,SOROCABA - REGIÃO 2
São Paulo,RIO CLARO,SOROCABA - REGIÃO 2
São Paulo,SANTA GERTRUDES,SOROCABA - REGIÃO 2
São Paulo,CHARQUEADA,SOROCABA - REGIÃO 2
São Paulo,SAO PEDRO,SOROCABA - CIDADE E REGIÃO
São Paulo,AGUAS DE SAO PEDRO,SOROCABA - CIDADE E REGIÃO
São Paulo,ITIRAPINA,SOROCABA - REGIÃO 2
São Paulo,IPEUNA,SOROCABA - REGIÃO 2
São Paulo,CORUMBATAI,SOROCABA - REGIÃO 2
São Paulo,ANALANDIA,SOROCABA - REGIÃO 2
São Paulo,SÃO CARLOS,DEMAIS INTERIOR DE SÃO PAULO
São Paulo,RIBEIRAO BONITO,DEMAIS INTERIOR DE SÃO PAULO
São Paulo,DOURADO,DEMAIS INTERIOR DE SÃO PAULO
São Paulo,ARARAS,SOROCABA - CIDADE E REGIÃO
São Paulo,LEME,SOROCABA - REGIÃO 2
São Paulo,SANTA CRUZ DA CONCEICAO,SOROCABA - REGIÃO 2
São Paulo,PIRASSUNUNGA,DEMAIS INTERIOR DE SÃO PAULO
São Paulo,SANTA CRUZ DAS PALMEIRAS,DEMAIS INTERIOR DE SÃO PAULO
São Paulo,PORTO FERREIRA,DEMAIS INTERIOR DE SÃO PAULO
São Paulo,SANTA RITA DO PASSA QUATRO,DEMAIS INTERIOR DE SÃO PAULO
São Paulo,DESCALVADO,DEMAIS INTERIOR DE SÃO PAULO
São Paulo,CASA BRANCA,SOROCABA - REGIÃO 2
São Paulo,TAMBAU,SOROCABA - REGIÃO 2
São Paulo,ITOBI,SOROCABA - REGIÃO 2
São Paulo,SÃO JOÃO DO RIO PARDO,SOROCABA - CIDADE E REGIÃO
São Paulo,MOCOCA,SOROCABA - CIDADE E REGIÃO
São Paulo,TAPIRATIBA,SOROCABA - REGIÃO 2
São Paulo,CACONDE,SOROCABA - CIDADE E REGIÃO
São Paulo,DIVINOLANDIA,SOROCABA - REGIÃO 2
São Paulo,SAO SEBASTIAO DA GRAMA,SOROCABA - REGIÃO 2
São Paulo,MOGI MIRIM,SOROCABA - REGIÃO 2
São Paulo,JAGUARIÚNA,SOROCABA - REGIÃO 2
São Paulo,HOLAMBRA,SOROCABA - REGIÃO 2
São Paulo,SANTO ANTONIO DE POSSE,SOROCABA - REGIÃO 2
São Paulo,CONCHAL,SOROCABA - REGIÃO 2
São Paulo,MOGI GUAÇU,SOROCABA - REGIÃO 2
São Paulo,ESTIVA GERBI,SOROCABA - REGIÃO 2
São Paulo,AGUAI,SOROCABA - REGIÃO 2
São Paulo,SÃO JOÃO DA BOA VISTA,SOROCABA - REGIÃO 2
São Paulo,VARGEM GRANDE DO SUL,SOROCABA - REGIÃO 2
São Paulo,AGUAS DA PRATA,SOROCABA - REGIÃO 2
São Paulo,AMPARO,SOROCABA - REGIÃO 2
São Paulo,MONTE ALEGRE DO SUL,SOROCABA - REGIÃO 2
São Paulo,PEDREIRA,SOROCABA - REGIÃO 2
São Paulo,SERRA NEGRA,SOROCABA - REGIÃO 2
São Paulo,ÁGUAS DE LINDÓIA,SOROCABA - REGIÃO 2
São Paulo,LINDOIA,SOROCABA - REGIÃO 2
São Paulo,SOCORRO,SOROCABA - REGIÃO 2
São Paulo,ITAPIRA,SOROCABA - REGIÃO 2
São Paulo,ESPIRITO SANTO DO PINHAL,SOROCABA - REGIÃO 2
São Paulo,SANTO ANTONIO DO JARDIM,SOROCABA - REGIÃO 2
São Paulo,RIBEIRÃO PRETO,RIBEIRÃO PRETO E BAURU
São Paulo,GUATAPARA,DEMAIS INTERIOR DE SÃO PAULO
São Paulo,DUMONT,DEMAIS INTERIOR DE SÃO PAULO
São Paulo,CRAVINHOS,DEMAIS INTERIOR DE SÃO PAULO
São Paulo,SERRANA,DEMAIS INTERIOR DE SÃO PAULO
São Paulo,SERTÃOZINHO,DEMAIS INTERIOR DE SÃO PAULO
São Paulo,PONTAL,DEMAIS INTERIOR DE SÃO PAULO
São Paulo,SAO SIMAO,DEMAIS INTERIOR DE SÃO PAULO
São Paulo,LUIS ANTONIO,DEMAIS INTERIOR DE SÃO PAULO
São Paulo,SERRA AZUL,DEMAIS INTERIOR DE SÃO PAULO
São Paulo,CAJURU,DEMAIS INTERIOR DE SÃO PAULO
São Paulo,CASSIA DOS COQUEIROS,DEMAIS INTERIOR DE SÃO PAULO
São Paulo,SANTA ROSA DE VITERBO,DEMAIS INTERIOR DE SÃO PAULO
São Paulo,BATATAIS,DEMAIS INTERIOR DE SÃO PAULO
São Paulo,BRODOWSKI,DEMAIS INTERIOR DE SÃO PAULO
São Paulo,ALTINOPOLIS,DEMAIS INTERIOR DE SÃO PAULO
São Paulo,SANTO ANTONIO DA ALEGRIA,DEMAIS INTERIOR DE SÃO PAULO
São Paulo,FRANCA,DEMAIS INTERIOR DE SÃO PAULO
São Paulo,PATROCINIO PAULISTA,DEMAIS INTERIOR DE SÃO PAULO
São Paulo,ITIRAPUA,DEMAIS INTERIOR DE SÃO PAULO
São Paulo,RESTINGA,DEMAIS INTERIOR DE SÃO PAULO
São Paulo,SAO JOSE DA BELA VISTA,DEMAIS INTERIOR DE SÃO PAULO
São Paulo,RIBEIRAO CORRENTE,DEMAIS INTERIOR DE SÃO PAULO
São Paulo,JERIQUARA,DEMAIS INTERIOR DE SÃO PAULO
São Paulo,CRISTAIS PAULISTA,DEMAIS INTERIOR DE SÃO PAULO
São Paulo,PEDREGULHO,DEMAIS INTERIOR DE SÃO PAULO
São Paulo,RIFAINA,DEMAIS INTERIOR DE SÃO PAULO
São Paulo,ITUVERAVA,DEMAIS INTERIOR DE SÃO PAULO
São Paulo,MIGUELOPOLIS,DEMAIS INTERIOR DE SÃO PAULO
São Paulo,IGARAPAVA,DEMAIS INTERIOR DE SÃO PAULO
São Paulo,ARAMINA,DEMAIS INTERIOR DE SÃO PAULO
São Paulo,BURITIZAL,DEMAIS INTERIOR DE SÃO PAULO
São Paulo,GUARA,DEMAIS INTERIOR DE SÃO PAULO
São Paulo,SÃO JOAQUIM (DA BARRA),DEMAIS INTERIOR DE SÃO PAULO
São Paulo,IPUA,DEMAIS INTERIOR DE SÃO PAULO
São Paulo,ORLANDIA,DEMAIS INTERIOR DE SÃO PAULO
São Paulo,MORRO AGUDO,DEMAIS INTERIOR DE SÃO PAULO
São Paulo,SALES OLIVEIRA,DEMAIS INTERIOR DE SÃO PAULO
São Paulo,NUPORANGA,DEMAIS INTERIOR DE SÃO PAULO
São Paulo,JARDINOPOLIS,DEMAIS INTERIOR DE SÃO PAULO
São Paulo,BEBEDOURO,DEMAIS INTERIOR DE SÃO PAULO
São Paulo,TAIUVA,DEMAIS INTERIOR DE SÃO PAULO
São Paulo,TAIACU,DEMAIS INTERIOR DE SÃO PAULO
São Paulo,MONTE AZUL PAULISTA,DEMAIS INTERIOR DE SÃO PAULO
São Paulo,SEVERINIA,DEMAIS INTERIOR DE SÃO PAULO
São Paulo,VIRADOURO,DEMAIS INTERIOR DE SÃO PAULO
São Paulo,TERRA ROXA,DEMAIS INTERIOR DE SÃO PAULO
São Paulo,PITANGUEIRAS,DEMAIS INTERIOR DE SÃO PAULO
São Paulo,COLINA,DEMAIS INTERIOR DE SÃO PAULO
São Paulo,JABORANDI,DEMAIS INTERIOR DE SÃO PAULO
São Paulo,BARRETOS,DEMAIS INTERIOR DE SÃO PAULO
São Paulo,GUAIRA,DEMAIS INTERIOR DE SÃO PAULO
São Paulo,COLOMBIA,DEMAIS INTERIOR DE SÃO PAULO
São Paulo,ARARAQUARA,DEMAIS INTERIOR DE SÃO PAULO
São Paulo,IBATE,DEMAIS INTERIOR DE SÃO PAULO
São Paulo,AMERICO BRASILIENSE,DEMAIS INTERIOR DE SÃO PAULO
São Paulo,SANTA LUCIA,DEMAIS INTERIOR DE SÃO PAULO
São Paulo,RINCAO,DEMAIS INTERIOR DE SÃO PAULO
São Paulo,MOTUCA,DEMAIS INTERIOR DE SÃO PAULO
São Paulo,GUARIBA,DEMAIS INTERIOR DE SÃO PAULO
São Paulo,PRADOPOLIS,DEMAIS INTERIOR DE SÃO PAULO
São Paulo,BARRINHA,DEMAIS INTERIOR DE SÃO PAULO
São Paulo,JABOTICABAL,DEMAIS INTERIOR DE SÃO PAULO
São Paulo,ITAPOLIS,DEMAIS INTERIOR DE SÃO PAULO
São Paulo,TABATINGA,DEMAIS INTERIOR DE SÃO PAULO
São Paulo,NOVA EUROPA,DEMAIS INTERIOR DE SÃO PAULO
São Paulo,BOA ESPERANCA DO SUL,DEMAIS INTERIOR DE SÃO PAULO
São Paulo,IBITINGA,DEMAIS INTERIOR DE SÃO PAULO
São Paulo,BORBOREMA,DEMAIS INTERIOR DE SÃO PAULO
São Paulo,NOVO HORIZONTE,DEMAIS INTERIOR DE SÃO PAULO
São Paulo,SALES,DEMAIS INTERIOR DE SÃO PAULO
São Paulo,IRAPUA,DEMAIS INTERIOR DE SÃO PAULO
São Paulo,POTIRENDABA,DEMAIS INTERIOR DE SÃO PAULO
São Paulo,GUAPIACU,DEMAIS INTERIOR DE SÃO PAULO
São Paulo,BADY BASSITT,DEMAIS INTERIOR DE SÃO PAULO
São Paulo,NEVES PAULISTA,DEMAIS INTERIOR DE SÃO PAULO
São Paulo,MIRASSOL,DEMAIS INTERIOR DE SÃO PAULO
São Paulo,BALSAMO,DEMAIS INTERIOR DE SÃO PAULO
São Paulo,MIRASSOLANDIA,DEMAIS INTERIOR DE SÃO PAULO
São Paulo,MONTE APRAZIVEL,DEMAIS INTERIOR DE SÃO PAULO
São Paulo,JACI,DEMAIS INTERIOR DE SÃO PAULO
São Paulo,POLONI,DEMAIS INTERIOR DE SÃO PAULO
São Paulo,TANABI,DEMAIS INTERIOR DE SÃO PAULO
São Paulo,SEBASTIANOPOLIS DO SUL,DEMAIS INTERIOR DE SÃO PAULO
São Paulo,NHANDEARA,DEMAIS INTERIOR DE SÃO PAULO
São Paulo,JOSE BONIFACIO,DEMAIS INTERIOR DE SÃO PAULO
São Paulo,NOVA ALIANCA,DEMAIS INTERIOR DE SÃO PAULO
São Paulo,MENDONCA,DEMAIS INTERIOR DE SÃO PAULO
São Paulo,UBARANA,DEMAIS INTERIOR DE SÃO PAULO
São Paulo,ADOLFO,DEMAIS INTERIOR DE SÃO PAULO
São Paulo,NIPOA,DEMAIS INTERIOR DE SÃO PAULO
São Paulo,UNIAO PAULISTA,DEMAIS INTERIOR DE SÃO PAULO
São Paulo,PLANALTO,DEMAIS INTERIOR DE SÃO PAULO
São Paulo,MACAUBAL,DEMAIS INTERIOR DE SÃO PAULO
São Paulo,MONCOES,DEMAIS INTERIOR DE SÃO PAULO
São Paulo,TURIUBA,DEMAIS INTERIOR DE SÃO PAULO
São Paulo,LOURDES,DEMAIS INTERIOR DE SÃO PAULO
São Paulo,BURITAMA,DEMAIS INTERIOR DE SÃO PAULO
São Paulo,GENERAL SALGADO,DEMAIS INTERIOR DE SÃO PAULO
São Paulo,MAGDA,DEMAIS INTERIOR DE SÃO PAULO
São Paulo,SAO JOAO DE IRACEMA,DEMAIS INTERIOR DE SÃO PAULO
São Paulo,FLOREAL,DEMAIS INTERIOR DE SÃO PAULO
São Paulo,GASTAO VIDIGAL,DEMAIS INTERIOR DE SÃO PAULO
São Paulo,NOVA LUZITANIA,DEMAIS INTERIOR DE SÃO PAULO
São Paulo,AURIFLAMA,DEMAIS INTERIOR DE SÃO PAULO
São Paulo,GUZOLANDIA,DEMAIS INTERIOR DE SÃO PAULO
São Paulo,SUD MENUCCI,DEMAIS INTERIOR DE SÃO PAULO
São Paulo,PEREIRA BARRETO,DEMAIS INTERIOR DE SÃO PAULO
São Paulo,SUZANOPOLIS,DEMAIS INTERIOR DE SÃO PAULO
São Paulo,ILHA SOLTEIRA,DEMAIS INTERIOR DE SÃO PAULO
São Paulo,ITAPURA,DEMAIS INTERIOR DE SÃO PAULO
São Paulo,OLÍMPIA,DEMAIS INTERIOR DE SÃO PAULO
São Paulo,CAJOBI,DEMAIS INTERIOR DE SÃO PAULO
São Paulo,GUARACI,DEMAIS INTERIOR DE SÃO PAULO
São Paulo,EMBAUBA,DEMAIS INTERIOR DE SÃO PAULO
São Paulo,ALTAIR,DEMAIS INTERIOR DE SÃO PAULO
São Paulo,NOVA GRANADA,DEMAIS INTERIOR DE SÃO PAULO
São Paulo,ONDA VERDE,DEMAIS INTERIOR DE SÃO PAULO
São Paulo,ICEM,DEMAIS INTERIOR DE SÃO PAULO
São Paulo,PALESTINA,DEMAIS INTERIOR DE SÃO PAULO
São Paulo,ORINDIUVA,DEMAIS INTERIOR DE SÃO PAULO
São Paulo,PAULO DE FARIA,DEMAIS INTERIOR DE SÃO PAULO
São Paulo,RIOLANDIA,DEMAIS INTERIOR DE SÃO PAULO
São Paulo,VOTUPORANGA,DEMAIS INTERIOR DE SÃO PAULO
São Paulo,VALENTIM GENTIL,DEMAIS INTERIOR DE SÃO PAULO
São Paulo,PARISI,DEMAIS INTERIOR DE SÃO PAULO
São Paulo,COSMORAMA,DEMAIS INTERIOR DE SÃO PAULO
São Paulo,ALVARES FLORENCE,DEMAIS INTERIOR DE SÃO PAULO
São Paulo,AMERICO DE CAMPOS,DEMAIS INTERIOR DE SÃO PAULO
São Paulo,PONTES GESTAL,DEMAIS INTERIOR DE SÃO PAULO
São Paulo,CARDOSO,DEMAIS INTERIOR DE SÃO PAULO
São Paulo,MIRA ESTRELA,DEMAIS INTERIOR DE SÃO PAULO
São Paulo,FERNANDÓPOLIS,DEMAIS INTERIOR DE SÃO PAULO
São Paulo,MACEDONIA,DEMAIS INTERIOR DE SÃO PAULO
São Paulo,MERIDIANO,DEMAIS INTERIOR DE SÃO PAULO
São Paulo,PEDRANOPOLIS,DEMAIS INTERIOR DE SÃO PAULO
São Paulo,SAO JOAO DAS DUAS PONTES,DEMAIS INTERIOR DE SÃO PAULO
São Paulo,ESTRELA D'OESTE,DEMAIS INTERIOR DE SÃO PAULO
São Paulo,POPULINA,DEMAIS INTERIOR DE SÃO PAULO
São Paulo,GUARANI D'OESTE,DEMAIS INTERIOR DE SÃO PAULO
São Paulo,INDIAPORA,DEMAIS INTERIOR DE SÃO PAULO
São Paulo,JALES,DEMAIS INTERIOR DE SÃO PAULO
São Paulo,SAO FRANCISCO,DEMAIS INTERIOR DE SÃO PAULO
São Paulo,DIRCE REIS,DEMAIS INTERIOR DE SÃO PAULO
São Paulo,PONTALINDA,DEMAIS INTERIOR DE SÃO PAULO
São Paulo,PALMEIRA D'OESTE,DEMAIS INTERIOR DE SÃO PAULO
São Paulo,MARINOPOLIS,DEMAIS INTERIOR DE SÃO PAULO
São Paulo,APARECIDA D'OESTE,DEMAIS INTERIOR DE SÃO PAULO
São Paulo,DOLCINOPOLIS,DEMAIS INTERIOR DE SÃO PAULO
São Paulo,PARANAPUA,DEMAIS INTERIOR DE SÃO PAULO
São Paulo,MESOPOLIS,DEMAIS INTERIOR DE SÃO PAULO
São Paulo,SANTA ALBERTINA,DEMAIS INTERIOR DE SÃO PAULO
São Paulo,TURMALINA,DEMAIS INTERIOR DE SÃO PAULO
São Paulo,URANIA,DEMAIS INTERIOR DE SÃO PAULO
São Paulo,ASPASIA,DEMAIS INTERIOR DE SÃO PAULO
São Paulo,SANTANA DA PONTE PENSA,DEMAIS INTERIOR DE SÃO PAULO
São Paulo,TRES FRONTEIRAS,DEMAIS INTERIOR DE SÃO PAULO
São Paulo,NOVA CANAA PAULISTA,DEMAIS INTERIOR DE SÃO PAULO
São Paulo,SANTA FE DO SUL,DEMAIS INTERIOR DE SÃO PAULO
São Paulo,SANTA RITA D'OESTE,DEMAIS INTERIOR DE SÃO PAULO
São Paulo,SANTA CLARA D'OESTE,DEMAIS INTERIOR DE SÃO PAULO
São Paulo,RUBINEIA,DEMAIS INTERIOR DE SÃO PAULO
São Paulo,CATANDUVA,DEMAIS INTERIOR DE SÃO PAULO
São Paulo,PARAISO,DEMAIS INTERIOR DE SÃO PAULO
São Paulo,ELISIARIO,DEMAIS INTERIOR DE SÃO PAULO
São Paulo,PIRANGÍ,DEMAIS INTERIOR DE SÃO PAULO
São Paulo,PALMARES PAULISTA,DEMAIS INTERIOR DE SÃO PAULO
São Paulo,PINDORAMA,DEMAIS INTERIOR DE SÃO PAULO
São Paulo,ITAJOBI,DEMAIS INTERIOR DE SÃO PAULO
São Paulo,MARAPOAMA,DEMAIS INTERIOR DE SÃO PAULO
São Paulo,URUPES,DEMAIS INTERIOR DE SÃO PAULO
São Paulo,IBIRA,DEMAIS INTERIOR DE SÃO PAULO
São Paulo,CATIGUA,DEMAIS INTERIOR DE SÃO PAULO
São Paulo,TABAPUA,DEMAIS INTERIOR DE SÃO PAULO
São Paulo,NOVAIS,DEMAIS INTERIOR DE SÃO PAULO
São Paulo,UCHOA,DEMAIS INTERIOR DE SÃO PAULO
São Paulo,CEDRAL,DEMAIS INTERIOR DE SÃO PAULO
São Paulo,TAQUARITINGA,DEMAIS INTERIOR DE SÃO PAULO
São Paulo,MONTE ALTO,DEMAIS INTERIOR DE SÃO PAULO
São Paulo,VISTA ALEGRE DO ALTO,DEMAIS INTERIOR DE SÃO PAULO
São Paulo,CANDIDO RODRIGUES,DEMAIS INTERIOR DE SÃO PAULO
São Paulo,FERNANDO PRESTES,DEMAIS INTERIOR DE SÃO PAULO
São Paulo,SANTA ADELIA,DEMAIS INTERIOR DE SÃO PAULO
São Paulo,ARIRANHA,DEMAIS INTERIOR DE SÃO PAULO
São Paulo,SANTA ERNESTINA,DEMAIS INTERIOR DE SÃO PAULO
São Paulo,DOBRADA,DEMAIS INTERIOR DE SÃO PAULO
São Paulo,MATAO,DEMAIS INTERIOR DE SÃO PAULO
São Paulo,ARAÇATUBA,DEMAIS INTERIOR DE SÃO PAULO
São Paulo,SANTO ANTONIO DO ARACANGUA,DEMAIS INTERIOR DE SÃO PAULO
São Paulo,BIRIGUI,DEMAIS INTERIOR DE SÃO PAULO
São Paulo,BILAC,DEMAIS INTERIOR DE SÃO PAULO
São Paulo,GABRIEL MONTEIRO,DEMAIS INTERIOR DE SÃO PAULO
São Paulo,PIACATU,DEMAIS INTERIOR DE SÃO PAULO
São Paulo,SANTOPOLIS DO AGUAPEI,DEMAIS INTERIOR DE SÃO PAULO
São Paulo,CLEMENTINA,DEMAIS INTERIOR DE SÃO PAULO
São Paulo,COROADOS,DEMAIS INTERIOR DE SÃO PAULO
São Paulo,GLICERIO,DEMAIS INTERIOR DE SÃO PAULO
São Paulo,BRAUNA,DEMAIS INTERIOR DE SÃO PAULO
São Paulo,PENÁPOLIS,DEMAIS INTERIOR DE SÃO PAULO
São Paulo,ALTO ALEGRE,DEMAIS INTERIOR DE SÃO PAULO
São Paulo,LUIZIANIA,DEMAIS INTERIOR DE SÃO PAULO
São Paulo,BARBOSA,DEMAIS INTERIOR DE SÃO PAULO
São Paulo,AVANHANDAVA,DEMAIS INTERIOR DE SÃO PAULO
São Paulo,PROMISSAO,DEMAIS INTERIOR DE SÃO PAULO
São Paulo,LINS,DEMAIS INTERIOR DE SÃO PAULO
São Paulo,GUAICARA,DEMAIS INTERIOR DE SÃO PAULO
São Paulo,SABINO,DEMAIS INTERIOR DE SÃO PAULO
São Paulo,GETULINA,DEMAIS INTERIOR DE SÃO PAULO
São Paulo,GUAIMBE,DEMAIS INTERIOR DE SÃO PAULO
São Paulo,CAFELÂNDIA,DEMAIS INTERIOR DE SÃO PAULO
São Paulo,GUARANTA,DEMAIS INTERIOR DE SÃO PAULO
São Paulo,PIRAJUÍ,DEMAIS INTERIOR DE SÃO PAULO
São Paulo,BALBINOS,DEMAIS INTERIOR DE SÃO PAULO
São Paulo,URU,DEMAIS INTERIOR DE SÃO PAULO
São Paulo,PONGAI,DEMAIS INTERIOR DE SÃO PAULO
São Paulo,PRESIDENTE ALVES,DEMAIS INTERIOR DE SÃO PAULO
São Paulo,AVAI,DEMAIS INTERIOR DE SÃO PAULO
São Paulo,GUARARAPES,DEMAIS INTERIOR DE SÃO PAULO
São Paulo,RUBIACEA,DEMAIS INTERIOR DE SÃO PAULO
São Paulo,BENTO DE ABREU,DEMAIS INTERIOR DE SÃO PAULO
São Paulo,MIRANDOPOLIS,DEMAIS INTERIOR DE SÃO PAULO
São Paulo,LAVINIA,DEMAIS INTERIOR DE SÃO PAULO
São Paulo,VALPARAISO,DEMAIS INTERIOR DE SÃO PAULO
São Paulo,ANDRADINA,DEMAIS INTERIOR DE SÃO PAULO
São Paulo,CASTILHO,DEMAIS INTERIOR DE SÃO PAULO
São Paulo,NOVA INDEPENDENCIA,DEMAIS INTERIOR DE SÃO PAULO
São Paulo,MURUTINGA DO SUL,DEMAIS INTERIOR DE SÃO PAULO
São Paulo,GUARACAI,DEMAIS INTERIOR DE SÃO PAULO
São Paulo,BAURU,RIBEIRÃO PRETO E BAURU
São Paulo,AGUDOS,DEMAIS INTERIOR DE SÃO PAULO
São Paulo,AREALVA,DEMAIS INTERIOR DE SÃO PAULO
São Paulo,IACANGA,DEMAIS INTERIOR DE SÃO PAULO
São Paulo,REGINOPOLIS,DEMAIS INTERIOR DE SÃO PAULO
São Paulo,JAÚ,DEMAIS INTERIOR DE SÃO PAULO
São Paulo,ITAPUI,DEMAIS INTERIOR DE SÃO PAULO
São Paulo,BOCAINA,DEMAIS INTERIOR DE SÃO PAULO
São Paulo,BARIRI,DEMAIS INTERIOR DE SÃO PAULO
São Paulo,ITAJU,DEMAIS INTERIOR DE SÃO PAULO
São Paulo,BORACEIA,DEMAIS INTERIOR DE SÃO PAULO
São Paulo,PEDERNEIRAS,DEMAIS INTERIOR DE SÃO PAULO
São Paulo,MACATUBA,DEMAIS INTERIOR DE SÃO PAULO
São Paulo,DOIS CORREGOS,DEMAIS INTERIOR DE SÃO PAULO
São Paulo,MINEIROS DO TIETE,DEMAIS INTERIOR DE SÃO PAULO
São Paulo,BARRA BONITA,DEMAIS INTERIOR DE SÃO PAULO
São Paulo,IGARACU DO TIETE,DEMAIS INTERIOR DE SÃO PAULO
São Paulo,TORRINHA,DEMAIS INTERIOR DE SÃO PAULO
São Paulo,SANTA MARIA DA SERRA,DEMAIS INTERIOR DE SÃO PAULO
São Paulo,BROTAS,DEMAIS INTERIOR DE SÃO PAULO
São Paulo,GARÇA,DEMAIS INTERIOR DE SÃO PAULO
São Paulo,ALVARO DE CARVALHO,DEMAIS INTERIOR DE SÃO PAULO
São Paulo,LUPERCIO,DEMAIS INTERIOR DE SÃO PAULO
São Paulo,ALVINLANDIA,DEMAIS INTERIOR DE SÃO PAULO
São Paulo,UBIRAJARA,DEMAIS INTERIOR DE SÃO PAULO
São Paulo,GALIA,DEMAIS INTERIOR DE SÃO PAULO
São Paulo,DUARTINA,DEMAIS INTERIOR DE SÃO PAULO
São Paulo,LUCIANOPOLIS,DEMAIS INTERIOR DE SÃO PAULO
São Paulo,CABRALIA PAULISTA,DEMAIS INTERIOR DE SÃO PAULO
São Paulo,PIRATININGA,DEMAIS INTERIOR DE SÃO PAULO
São Paulo,MARÍLIA,DEMAIS INTERIOR DE SÃO PAULO
São Paulo,OCAUCU,DEMAIS INTERIOR DE SÃO PAULO
São Paulo,JULIO MESQUITA,DEMAIS INTERIOR DE SÃO PAULO
São Paulo,VERA CRUZ,DEMAIS INTERIOR DE SÃO PAULO
São Paulo,ORIENTE,DEMAIS INTERIOR DE SÃO PAULO
São Paulo,POMPEIA,DEMAIS INTERIOR DE SÃO PAULO
São Paulo,QUEIROZ,DEMAIS INTERIOR DE SÃO PAULO
São Paulo,TUPÃ,DEMAIS INTERIOR DE SÃO PAULO
São Paulo,HERCULANDIA,DEMAIS INTERIOR DE SÃO PAULO
São Paulo,QUINTANA,DEMAIS INTERIOR DE SÃO PAULO
São Paulo,IACRI,DEMAIS INTERIOR DE SÃO PAULO
São Paulo,BASTOS,DEMAIS INTERIOR DE SÃO PAULO
São Paulo,OSWALDO CRUZ,DEMAIS INTERIOR DE SÃO PAULO
São Paulo,SAGRES,DEMAIS INTERIOR DE SÃO PAULO
São Paulo,SALMOURAO,DEMAIS INTERIOR DE SÃO PAULO
São Paulo,PARAPUA,DEMAIS INTERIOR DE SÃO PAULO
São Paulo,RINOPOLIS,DEMAIS INTERIOR DE SÃO PAULO
São Paulo,INUBIA PAULISTA,DEMAIS INTERIOR DE SÃO PAULO
São Paulo,LUCELIA,DEMAIS INTERIOR DE SÃO PAULO
São Paulo,ADAMANTINA,DEMAIS INTERIOR DE SÃO PAULO
São Paulo,MARIAPOLIS,DEMAIS INTERIOR DE SÃO PAULO
São Paulo,FLORIDA PAULISTA,DEMAIS INTERIOR DE SÃO PAULO
São Paulo,PACAEMBU,DEMAIS INTERIOR DE SÃO PAULO
São Paulo,FLORA RICA,DEMAIS INTERIOR DE SÃO PAULO
São Paulo,IRAPURU,DEMAIS INTERIOR DE SÃO PAULO
São Paulo,JUNQUEIROPOLIS,DEMAIS INTERIOR DE SÃO PAULO
São Paulo,DRACENA,DEMAIS INTERIOR DE SÃO PAULO
São Paulo,OURO VERDE,DEMAIS INTERIOR DE SÃO PAULO
São Paulo,TUPI PAULISTA,DEMAIS INTERIOR DE SÃO PAULO
São Paulo,SANTA MERCEDES,DEMAIS INTERIOR DE SÃO PAULO
São Paulo,NOVA GUATAPORANGA,DEMAIS INTERIOR DE SÃO PAULO
São Paulo,MONTE CASTELO,DEMAIS INTERIOR DE SÃO PAULO
São Paulo,SAO JOAO DO PAU D'ALHO,DEMAIS INTERIOR DE SÃO PAULO
São Paulo,PANORAMA,DEMAIS INTERIOR DE SÃO PAULO
São Paulo,PAULICEIA,DEMAIS INTERIOR DE SÃO PAULO
São Paulo,SOROCABA,SOROCABA - CIDADE E REGIÃO
São Paulo,VOTORANTIM,SOROCABA - REGIÃO 2
São Paulo,MAIRINQUE,SOROCABA - CIDADE E REGIÃO
São Paulo,ALUMINIO,SOROCABA - REGIÃO 2
São Paulo,SÃO ROQUE,SOROCABA - CIDADE E REGIÃO
São Paulo,ARACARIGUAMA,SOROCABA - REGIÃO 2
São Paulo,IBIUNA,SOROCABA - REGIÃO 2
São Paulo,SALTO DE PIRAPORA,SOROCABA - REGIÃO 2
São Paulo,PIEDADE,SOROCABA - REGIÃO 2
São Paulo,TAPIRAI,SOROCABA - REGIÃO 2
São Paulo,PILAR DO SUL,SOROCABA - REGIÃO 2
São Paulo,ARACOIABA DA SERRA,SOROCABA - REGIÃO 2
São Paulo,CAPELA DO ALTO,SOROCABA - REGIÃO 2
São Paulo,ITAPETININGA,SOROCABA - REGIÃO 2
São Paulo,ALAMBARI,SOROCABA - REGIÃO 2
São Paulo,SARAPUI,SOROCABA - REGIÃO 2
São Paulo,SAO MIGUEL ARCANJO,SOROCABA - REGIÃO 2
São Paulo,ANGATUBA,SOROCABA - REGIÃO 2
São Paulo,CAMPINA DO MONTE ALEGRE,SOROCABA - REGIÃO 2
São Paulo,GUAREI,SOROCABA - REGIÃO 2
São Paulo,PORANGABA,SOROCABA - REGIÃO 2
São Paulo,TORRE DE PEDRA,SOROCABA - REGIÃO 2
São Paulo,TATUÍ,SOROCABA - REGIÃO 2
São Paulo,CESARIO LANGE,SOROCABA - REGIÃO 2
São Paulo,BURI,SOROCABA - REGIÃO 2
São Paulo,CAPAO BONITO,SOROCABA - REGIÃO 2
São Paulo,GUAPIARA,SOROCABA - REGIÃO 2
São Paulo,RIBEIRAO GRANDE,SOROCABA - REGIÃO 2
São Paulo,ITAPEVA,SOROCABA - REGIÃO 2
São Paulo,TAQUARIVAI,SOROCABA - REGIÃO 2
São Paulo,RIBEIRAO BRANCO,SOROCABA - REGIÃO 2
São Paulo,NOVA CAMPINA,SOROCABA - REGIÃO 2
São Paulo,ITABERA,SOROCABA - REGIÃO 2
São Paulo,ITARARE,SOROCABA - REGIÃO 2
São Paulo,RIVERSUL,SOROCABA - REGIÃO 2
São Paulo,BOM SUCESSO DE ITARARE,SOROCABA - REGIÃO 2
São Paulo,ITAPORANGA,SOROCABA - REGIÃO 2
São Paulo,BARAO DE ANTONINA,SOROCABA - REGIÃO 2
São Paulo,LARANJAL (LARANJAL PAULISTA),SOROCABA - REGIÃO 2
São Paulo,CERQUILHO,SOROCABA - REGIÃO 2
São Paulo,TIETÊ,SOROCABA - REGIÃO 2
São Paulo,PORTO FELIZ,SOROCABA - REGIÃO 2
São Paulo,BOITUVA,SOROCABA - CIDADE E REGIÃO
São Paulo,IPERO,SOROCABA - REGIÃO 2
São Paulo,CONCHAS,SOROCABA - REGIÃO 2
São Paulo,PEREIRAS,SOROCABA - REGIÃO 2
São Paulo,BOFETE,SOROCABA - REGIÃO 2
São Paulo,BOTUCATU,SOROCABA - REGIÃO 2
São Paulo,ANHEMBI,SOROCABA - REGIÃO 2
São Paulo,PARDINHO,SOROCABA - REGIÃO 2
São Paulo,SAO MANUEL,SOROCABA - REGIÃO 2
São Paulo,AREIOPOLIS,SOROCABA - REGIÃO 2
São Paulo,BOREBI,SOROCABA - REGIÃO 2
São Paulo,LENCOIS PAULISTA (VER CEP POR LOGRADOUROS),DEMAIS INTERIOR DE SÃO PAULO
São Paulo,ITATINGA,SOROCABA - REGIÃO 2
São Paulo,AVARÉ,SOROCABA - REGIÃO 2
São Paulo,ARANDU,SOROCABA - REGIÃO 2
São Paulo,PARANAPANEMA,SOROCABA - REGIÃO 2
São Paulo,ITAI,SOROCABA - REGIÃO 2
São Paulo,TAQUARITUBA,SOROCABA - REGIÃO 2
São Paulo,CORONEL MACEDO,SOROCABA - REGIÃO 2
São Paulo,CERQUEIRA CESAR,SOROCABA - REGIÃO 2
São Paulo,AGUAS DE SANTA BARBARA,SOROCABA - REGIÃO 2
São Paulo,IARAS,SOROCABA - REGIÃO 2
São Paulo,MANDURI,SOROCABA - REGIÃO 2
São Paulo,OLEO,SOROCABA - REGIÃO 2
São Paulo,PIRAJU,SOROCABA - REGIÃO 2
São Paulo,TEJUPA,SOROCABA - REGIÃO 2
São Paulo,SARUTAIA,SOROCABA - REGIÃO 2
São Paulo,TIMBURI,SOROCABA - REGIÃO 2
São Paulo,FARTURA,SOROCABA - REGIÃO 2
São Paulo,TAGUAI,SOROCABA - REGIÃO 2
São Paulo,SANTA CRUZ DO RIO PARDO,SOROCABA - REGIÃO 2
São Paulo,ESPIRITO SANTO DO TURVO,SOROCABA - REGIÃO 2
São Paulo,SAO PEDRO DO TURVO,SOROCABA - REGIÃO 2
São Paulo,IPAUSSU,SOROCABA - REGIÃO 2
São Paulo,BERNARDINO DE CAMPOS,SOROCABA - REGIÃO 2
São Paulo,CHAVANTES,SOROCABA - REGIÃO 2
São Paulo,CANITAR,SOROCABA - REGIÃO 2
São Paulo,PRESIDENTE PRUDENTE,DEMAIS INTERIOR DE SÃO PAULO
São Paulo,ALVARES MACHADO,DEMAIS INTERIOR DE SÃO PAULO
São Paulo,ALFREDO MARCONDES,DEMAIS INTERIOR DE SÃO PAULO
São Paulo,SANTO EXPEDITO,DEMAIS INTERIOR DE SÃO PAULO
São Paulo,PIRAPOZINHO,DEMAIS INTERIOR DE SÃO PAULO
São Paulo,TARABAI,DEMAIS INTERIOR DE SÃO PAULO
São Paulo,NARANDIBA,DEMAIS INTERIOR DE SÃO PAULO
São Paulo,ESTRELA DO NORTE,DEMAIS INTERIOR DE SÃO PAULO
São Paulo,SANDOVALINA,DEMAIS INTERIOR DE SÃO PAULO
São Paulo,MIRANTE DO PARANAPANEMA,DEMAIS INTERIOR DE SÃO PAULO
São Paulo,ROSANA,DEMAIS INTERIOR DE SÃO PAULO
São Paulo,EUCLIDES DA CUNHA PAULISTA,DEMAIS INTERIOR DE SÃO PAULO
São Paulo,TEODORO SAMPAIO,DEMAIS INTERIOR DE SÃO PAULO
São Paulo,PRESIDENTE BERNARDES,DEMAIS INTERIOR DE SÃO PAULO
São Paulo,EMILIANOPOLIS,DEMAIS INTERIOR DE SÃO PAULO
São Paulo,SANTO ANASTACIO,DEMAIS INTERIOR DE SÃO PAULO
São Paulo,PRESIDENTE VENCESLAU,DEMAIS INTERIOR DE SÃO PAULO
São Paulo,PIQUEROBI,DEMAIS INTERIOR DE SÃO PAULO
São Paulo,MARABA PAULISTA,DEMAIS INTERIOR DE SÃO PAULO
São Paulo,CAIUA,DEMAIS INTERIOR DE SÃO PAULO
São Paulo,PRESIDENTE EPITACIO,DEMAIS INTERIOR DE SÃO PAULO
São Paulo,MARTINOPOLIS,DEMAIS INTERIOR DE SÃO PAULO
São Paulo,CAIABU,DEMAIS INTERIOR DE SÃO PAULO
São Paulo,INDIANA,DEMAIS INTERIOR DE SÃO PAULO
São Paulo,REGENTE FEIJO,DEMAIS INTERIOR DE SÃO PAULO
São Paulo,ANHUMAS,DEMAIS INTERIOR DE SÃO PAULO
São Paulo,TACIBA,DEMAIS INTERIOR DE SÃO PAULO
São Paulo,RANCHARIA,DEMAIS INTERIOR DE SÃO PAULO
São Paulo,IEPE,DEMAIS INTERIOR DE SÃO PAULO
São Paulo,JOAO RAMALHO,DEMAIS INTERIOR DE SÃO PAULO
São Paulo,PARAGUAÇU,DEMAIS INTERIOR DE SÃO PAULO
São Paulo,BORA,DEMAIS INTERIOR DE SÃO PAULO
São Paulo,LUTECIA,DEMAIS INTERIOR DE SÃO PAULO
São Paulo,OSCAR BRESSANE,DEMAIS INTERIOR DE SÃO PAULO
São Paulo,QUATA,DEMAIS INTERIOR DE SÃO PAULO
São Paulo,ASSIS,DEMAIS INTERIOR DE SÃO PAULO
São Paulo,TARUMA,DEMAIS INTERIOR DE SÃO PAULO
São Paulo,ECHAPORA,DEMAIS INTERIOR DE SÃO PAULO
São Paulo,MARACAI,DEMAIS INTERIOR DE SÃO PAULO
São Paulo,CRUZALIA,DEMAIS INTERIOR DE SÃO PAULO
São Paulo,PEDRINHAS PAULISTA,DEMAIS INTERIOR DE SÃO PAULO
São Paulo,FLORINEA,DEMAIS INTERIOR DE SÃO PAULO
São Paulo,CANDIDO MOTA,DEMAIS INTERIOR DE SÃO PAULO
São Paulo,OURINHOS,DEMAIS INTERIOR DE SÃO PAULO
São Paulo,SALTO GRANDE,DEMAIS INTERIOR DE SÃO PAULO
São Paulo,RIBEIRAO DO SUL,DEMAIS INTERIOR DE SÃO PAULO
São Paulo,IBIRAREMA,DEMAIS INTERIOR DE SÃO PAULO
São Paulo,CAMPOS NOVOS PAULISTA,DEMAIS INTERIOR DE SÃO PAULO
São Paulo,PALMITAL,DEMAIS INTERIOR DE SÃO PAULO
São Paulo,PLATINA,DEMAIS INTERIOR DE SÃO PAULO
RJ - METROPOLITANA,RIO DE JANEIRO,METROPOLITANA DO RIO DE JANEIRO
RJ - METROPOLITANA,NITERÓI,NITEROI
RJ - METROPOLITANA,SÃO GONÇALO,SÃO GONÇALO
RJ - METROPOLITANA,ITABORAÍ,SÃO GONÇALO
RJ - METROPOLITANA,MARICÁ,SÃO GONÇALO
RJ - METROPOLITANA,ITAGUAÍ,BAIXADA FLUMINENSE
RJ - METROPOLITANA,DUQUE DE CAXIAS,BAIXADA FLUMINENSE
RJ - METROPOLITANA,SÃO JOÃO DE MERITI,BAIXADA FLUMINENSE
RJ - METROPOLITANA,MAGÉ,BAIXADA FLUMINENSE
RJ - METROPOLITANA,NOVA IGUAÇU,BAIXADA FLUMINENSE
RJ - METROPOLITANA,BELFORD ROXO,BAIXADA FLUMINENSE
RJ - METROPOLITANA,QUEIMADOS (VER CEP POR LOGRADOUROS),BAIXADA FLUMINENSE
RJ - METROPOLITANA,JAPERI (VER CEP POR LOGRADOUROS),BAIXADA FLUMINENSE
RJ - METROPOLITANA,NILÓPOLIS,BAIXADA FLUMINENSE
RJ - METROPOLITANA,PARACAMBI,BAIXADA FLUMINENSE
RJ - METROPOLITANA,VOLTA REDONDA (VER CEP POR LOGRADOUROS),BAIXADA FLUMINENSE
RJ - Interior,MANGARATIBA,LITORAL SUL - RJ
RJ - Interior,ANGRA DOS REIS,LITORAL SUL - RJ
RJ - Interior,PARATI,LITORAL SUL - RJ
RJ - Interior,PETROPOLIS (VER CEP POR LOGRADOUROS),REGIAO SERRANA NORTE - RJ
RJ - Interior,SAO JOSE DO VALE DO RIO PRETO,REGIAO SERRANA NORTE - RJ
RJ - Interior,TRES RIOS (VER CEP POR LOGRADOUROS),REGIAO SERRANA NORTE - RJ
RJ - Interior,AREAL,REGIAO SERRANA NORTE - RJ
RJ - Interior,PARAIBA DO SUL,REGIAO SERRANA NORTE - RJ
RJ - Interior,COMENDADOR LEVY GASPARIAN,REGIAO SERRANA NORTE - RJ
RJ - Interior,SAPUCAIA,REGIAO SERRANA NORTE - RJ
RJ - Interior,GUAPIMIRIM,REGIAO SERRANA NORTE - RJ
RJ - Interior,TERESOPOLIS (VER CEP POR LOGRADOUROS),REGIAO SERRANA NORTE - RJ
RJ - Interior,ENGENHEIRO PAULO DE FRONTIN,REGIAO SERRANA SUL - RJ
RJ - Interior,MENDES,REGIAO SERRANA SUL - RJ
RJ - Interior,MIGUEL PEREIRA,REGIAO SERRANA SUL - RJ
RJ - Interior,PATY DO ALFERES,REGIAO SERRANA SUL - RJ
RJ - Interior,BARRA DO PIRAI (VER CEP POR LOGRADOUROS),REGIAO SERRANA SUL - RJ
RJ - Interior,PIRAI,REGIAO SERRANA SUL - RJ
RJ - Interior,BARRA MANSA (VER CEP POR LOGRADOUROS),REGIAO SERRANA SUL - RJ
RJ - Interior,QUATIS (VER CEP POR LOGRADOUROS),REGIAO SERRANA SUL - RJ
RJ - Interior,RIO CLARO,REGIAO SERRANA SUL - RJ
RJ - Interior,RESENDE (VER CEP POR LOGRADOUROS),REGIAO SERRANA SUL - RJ
RJ - Interior,ITATIAIA,REGIAO SERRANA SUL - RJ
RJ - Interior,VALENCA,REGIAO SERRANA SUL - RJ
RJ - Interior,RIO DAS FLORES,REGIAO SERRANA SUL - RJ
RJ - Interior,VASSOURAS,REGIAO SERRANA SUL - RJ
RJ - Interior,MACAE (VER CEP POR LOGRADOUROS),LITORAL NORTE - RJ
RJ - Interior,CAMPOS DOS GOITACAZES (VER CEP POR LOGRADOUROS,REGIAO NORTE - RJ
RJ - Interior,SAO JOAO DA BARRA,REGIAO NORTE - RJ
RJ - Interior,ITALVA,REGIAO NORTE - RJ
RJ - Interior,ITAPERUNA,REGIAO NORTE - RJ
RJ - Interior,LAJE DO MURIAE,REGIAO NORTE - RJ
RJ - Interior,BOM JESUS DO ITABAPOANA,REGIAO NORTE - RJ
RJ - Interior,VARRE-SAI,REGIAO NORTE - RJ
RJ - Interior,NATIVIDADE,REGIAO NORTE - RJ
RJ - Interior,PORCIUNCULA,REGIAO NORTE - RJ
RJ - Interior,SAO FIDELIS,REGIAO NORTE - RJ
RJ - Interior,CAMBUCI,REGIAO NORTE - RJ
RJ - Interior,MIRACEMA,REGIAO NORTE - RJ
RJ - Interior,SANTO ANTONIO DE PADUA,REGIAO NORTE - RJ
RJ - Interior,APERIBE,REGIAO NORTE - RJ
RJ - Interior,CANTAGALO,REGIAO SERRANA NORTE - RJ
RJ - Interior,CORDEIRO,REGIAO SERRANA NORTE - RJ
RJ - Interior,SAO SEBASTIAO DO ALTO,REGIAO NORTE - RJ
RJ - Interior,ITAOCARA,REGIAO NORTE - RJ
RJ - Interior,NOVA FRIBURGO (VER CEP POR LOGRADOUROS),REGIAO SERRANA NORTE - RJ
RJ - Interior,SUMIDOURO,REGIAO SERRANA NORTE - RJ
RJ - Interior,CARMO,REGIAO SERRANA NORTE - RJ
RJ - Interior,DUAS BARRAS,REGIAO SERRANA NORTE - RJ
RJ - Interior,BOM JARDIM,REGIAO SERRANA NORTE - RJ
RJ - Interior,CACHOEIRAS DE MACACU,REGIAO SERRANA NORTE - RJ
RJ - Interior,QUISSAMA,REGIAO NORTE - RJ
RJ - Interior,CONCEICAO DE MACABU,REGIAO NORTE - RJ
RJ - Interior,TRAJANO DE MORAIS,REGIAO SERRANA NORTE - RJ
RJ - Interior,SANTA MARIA MADALENA,REGIAO NORTE - RJ
RJ - Interior,RIO BONITO,LITORAL NORTE - RJ
RJ - Interior,SILVA JARDIM,LITORAL NORTE - RJ
RJ - Interior,CASIMIRO DE ABREU,LITORAL NORTE - RJ
RJ - Interior,RIO DAS OSTRAS,LITORAL NORTE - RJ
RJ - Interior,CABO FRIO (VER CEP POR LOGRADOUROS),LITORAL NORTE - RJ
RJ - Interior,ARRAIAL DO CABO,LITORAL NORTE - RJ
RJ - Interior,SAO PEDRO DA ALDEIA,LITORAL NORTE - RJ
RJ - Interior,ARARUAMA,LITORAL NORTE - RJ
RJ - Interior,SAQUAREMA,LITORAL NORTE - RJ

